Tên sản phẩm,Giá,Thương hiệu,Đánh giá,Số lượng đánh giá
"Sữa rửa mặt vitamin làm sáng da, mờ sẹo thâm dạng kem Acnes Vitamin Cleanser 25g",134320,Acnes,5.0,2
"COMBO 10 MẶT NẠ NÂNG CƠ, TRẺ HÓA DA BNBG EXOSOME SKINBOOSTER MASK 30MLX10",275080,BNBG,5.0,2
Nước tẩy trang bí đao Cocoon 500ml,270480,The Cocoon Original Vietnam,5.0,25
Tẩy Da Chết Mặt Cà Phê Đắk Lắk Cocoon 150ml,140760,The Cocoon Original Vietnam,4.8,34
Kem chống nắng bí đao Cocoon 50ml,337640,The Cocoon Original Vietnam,5.0,7
Mặt nạ nghệ Hưng Yên Cocoon 30ml,124200,The Cocoon Original Vietnam,5.0,6
Nước sen Hậu Giang (toner) giúp phục hồi cho da rất nhạy cảm Cocoon 310ml,270480,The Cocoon Original Vietnam,4.3,13
Nước xịt khoáng cấp ẩm và làm dịu da AVÈNE THERMAL SPRING WATER,269100,Avène,5.0,2
"Kem Làm Mờ Sẹo Thâm, Sẹo Rỗ, Sẹo Lõm Scar Esthetique của Rejuvaskin - thương hiệu hỗ trợ trị sẹo Hoa Kỳ ",292560,Rejuvaskin,4.6,1581
"Sữa rửa mặt Hada Labo cho da dầu mụn, da nhạy cảm Hada Labo Acne Care Calming Cleanser 80g",79000,Hada Labo,4.7,50
Bộ sản phẩm Kem chống nắng dạng sữa dưỡng da kiềm dầu bảo vệ hoàn hảo (Anessa Gold Milk 60ml + Gold Milk 20ml x2),799480,ANESSA,5.0,4
Bộ đôi Kem chống nắng dạng sữa dưỡng da kiềm dầu bảo vệ hoàn hảo + Kem chống nắng dạng gel dưỡng ẩm bảo vệ hoàn hảo (Anessa Gold Milk 60ml + Gold Gel 90g),803160,ANESSA,5.0,6
Bộ đôi Kem chống nắng dạng sữa dịu nhẹ cho da nhạy cảm và trẻ em (Anessa Mild Milk 60ml x2),1011540,ANESSA,5.0,5
Bộ đôi Kem chống nắng dạng sữa dưỡng da kiềm dầu bảo vệ hoàn hảo (Anessa Gold Milk 60ml x2),1011540,ANESSA,4.7,28
Gel giảm mụn sau 1 tuần Eucerin Pro Acne A.I. Clearing Treatment 40ml,315560,Eucerin,4.8,5
Sữa rửa mặt dưỡng trắng Hada Labo Perfect White Tranexamic Acid Cleanser 80g,76000,Hada Labo,4.7,654
Kem chống nắng dạng gel dưỡng ẩm bảo vệ hoàn hảo Anessa Perfect UV Sunscreen Skincare Gel SPF50+ PA++++ 90g,365600,ANESSA,4.6,28
Sữa rửa mặt hỗ trợ trị mụn Senka Perfect Whip Acne Care 100g,93000,Senka,4.7,419
Sữa rửa mặt ngăn ngừa mụn Acnes Creamy Wash 100g,59000,Acnes,5.0,238
Sữa rửa mặt cho nam Oxy sạch sâu mát lạnh dạng kem Oxy Perfect Wash 100g,64000,OXY,4.8,100
Sữa rửa mặt cho nam Oxy sạch sâu giảm nhờn dạng kem có hạt massage Oxy Deep Wash 100g,68000,OXY,4.8,251
Sữa rửa mặt cho nam Oxy sạch sâu giảm mụn kiểm soát nhờn dạng kem Oxy Total Anti Acne 100g,68000,OXY,4.7,254
Sữa chống nắng nâng tông Skin Aqua Tone up Lavender cho da tối màu & da vàng Sunplay Skin Aqua Tone Up UV Milk Lavender SPF 50+ PA++++ 50g,143520,Sunplay,4.7,790
Sữa rửa mặt kiểm soát nhờn ngăn ngừa mụn dạng gel Acnes Oil Control Cleanser 100g,59000,Acnes,4.7,314
Sữa rửa mặt dưỡng trắng dạng kem Acnes Whitening+ Cleanser 100g,59000,Acnes,4.8,203
Tinh chất chống nắng nâng tông Skin Aqua Tone up Lavender cho da tối màu & da vàng Sunplay Skin Aqua Tone Up UV Essence Lavender SPF 50+ PA++++ 50g,143520,Sunplay,4.6,1422
Miếng dán mụn giúp giảm mụn sưng viêm Acnes Clear Patch (24 Miếng),50500,Acnes,4.7,322
Kem dưỡng vitamin làm sáng da mờ sẹo thâm Acnes Vitamin Cream 50g,79000,Acnes,4.6,145
"Sữa rửa mặt vitamin làm sáng da, mờ sẹo thâm dạng kem Acnes Vitamin Cleanser 100g",59000,Acnes,4.8,319
Bộ 3 Hộp Silcot Bông Trang Điểm (bông tẩy trang) Nhật Bản (82 Miếng/Hộp),82000,Silcot,4.8,1655
Phim Thấm Dầu Acnes Oil Remover Film 50 Tờ,55000,Acnes,5.0,115
"Giấy thấm dầu kiểm soát nhờn, ngừa mụn Acnes Oil Remover Paper 100 tờ",26500,Acnes,4.7,268
"Kem chống nắng Skin Aqua cho da mụn, dạng sữa dùng hàng ngày Sunplay Skin Aqua Acne Clear Eco Việt Nam SPF 50, PA++++ 25g",105000,Sunplay,4.8,428
"Kem chống nắng Skin Aqua dưỡng trắng, kiểm dầu, dùng hàng ngày dạng sữa Sunplay Skin Aqua Clear White Eco Việt Nam SPF50, PA++++ 25g",102000,Sunplay,4.8,497
"Kem chống nắng Sunplay cho bé từ 6 tháng tuổi và da nhạy cảm, dạng sữa Sunplay Baby Mild SPF 35, PA++ 30g",79000,Sunplay,4.8,148
Kem mờ sẹo và thâm dạng gel Acnes Scar Care 12g,64750,Acnes,4.7,389
Sữa rửa mặt cải thiện dấu hiệu lão hóa dạng kem Hada Labo Pro-Aging Retinol B3 Cleanser 80g,76000,Hada Labo,4.7,475
Serum chấm mụn chuyên biệt cho da mụn ở tuổi trưởng thành Acnes 25+ Facial Serum 20ml,89000,Acnes,4.6,258
Sữa rửa mặt dưỡng ẩm tối ưu Hada Labo Advanced Nourish Cleanser 80g,73000,Hada Labo,4.7,1245
"Kem chống nắng Skin Aqua dưỡng trắng, kiểm dầu, dùng hàng ngày dạng sữa Sunplay Skin Aqua Clear White Eco Việt Nam SPF50, PA++++ 55g",164680,Sunplay,4.8,503
Sữa rửa mặt Hada Labo dưỡng ẩm cao cấp Premium Cleanser Hydrating 100g,99000,Hada Labo,5.0,3
Combo 5 gói Tẩy Da Chết Làm Sáng Da Whoo Brightening Gel 1ml,40000,the history of whoo,0.0,0
Kem Dưỡng Ẩm Da NIVEA Crème (30 ml) - 80101,51000,Nivea,0.0,0
"Xịt khoáng dưỡng ẩm, làm dịu và bảo vệ da Evoluderm Atomiseur Eau Pure",115000,Evoluderm,5.0,15
Kem Dưỡng Giảm Thâm Nám Chuyên Biệt Angel's Liquid Tranexamic Mela Zero Cream 50ml,669939,Angel's Liquid,4.8,5
Sữa rửa mặt dạng Gel bí đao rửa mặt Cocoon 310ml,270480,The Cocoon Original Vietnam,4.5,14
Gel Rửa Mặt Eucerin Pro Acne Solution 3X Treatment Gel To Foam Cleanser 150ml,365100,Eucerin,5.0,1
Tẩy da chết mặt dạng kì Compliment No Problem Peeling Roll sạch sâu ngừa mụn 80ml,95000,COMPLIMENT,0.0,0
"Mặt nạ AHA đất sét xanh Compliment giảm mụn, se khít chân lông 80ml (VẠCH XANH LÁ)",85000,COMPLIMENT,0.0,0
Kem dưỡng dạng gel sữa cho da mụn với tác động kép Vichy Normaderm Phytosolution Double-Correction Daily Care 50ml,560000,VICHY,5.0,2
Mặt Nạ Giấy Phục Hồi Và Dưỡng Trắng Da Kosé Clear Turn Face Mask (7 Miếng),139000,Kosé,0.0,0
Tẩy Tế bào Chết 3W Clinic 180ml Hàn Quốc,75000,3W Clinic,0.0,0
Miếng dán mụn giúp giảm mụn sưng viêm Acnes Clear Patch (48 Miếng),82000,Acnes,4.8,34
Kem chấm mụn chuyên sâu Acnes Blemish Clear Cream 10g,51000,Acnes,4.8,84
Bông Tẩy Trang S Select Nhật Bản 80 Miếng,28000,S Select,5.0,7
Serum trị mụn kén tằm Newskin - Chuyên hỗ trợ điều trị và phục hồi da mụn,253000,SYL,4.5,17
Tinh Chất Hoa Hồng Chống Nhăn Se Khít Lỗ Chân Lông Dưỡng Ẩm Trắng Da Dewytree Miracle Firming Serum (30g),276360,DEWYTREE,5.0,21
"Gel chấm mụn, mờ thâm Oxy Anti-Acne Spot Gel 10g",61000,OXY,4.6,68
Nước Hoa Hồng Cho Da Mụn La Roche Posay Effaclar Astringent Lotion 200ml,462000,La Roche-Posay,4.7,129
KEM OSACHI TÍM 9 IN 1 - O'SACHI WHITENIG SKIN CARE CREAM 20G - MỜ THÂM NÁM - CHỐNG LÃO HOÁ DA,595200,O'SACHI,4.5,13
Kem chống nắng dạng sữa lỏng nhẹ không nhờn rít La Roche-Posay Anthelios Shaka Fluid SPF 50+ 50ml,399999,La Roche-Posay,5.0,30
Kem dưỡng trắng Hada Labo Perfect White Tranexamic Acid Cream 50g,180320,Hada Labo,4.7,878
Bộ đôi Kem chống nắng dạng sữa dưỡng da kiềm dầu bảo vệ hoàn hảo (Anessa Gold Milk 60ml + Gold Milk 20ml),661480,ANESSA,5.0,241
Bông tẩy trang Emily gói 120 miếng,49000,Emily,4.8,6
"Sửa Rửa Mặt Ý Dĩ Hatomugi Naturie nội địa Nhật Bản 130g làm sạch nhờn, làm sáng da, mờ thâm mụn [ Được Mask 3W Clinic ]",75000,Hatomugi,4.8,63
SỮA RỬA MẶT THORAKAO HẠT NGHỆ 100G,70000,Thorakao,5.0,8
Kem Mờ Sẹo Gentacin của Nhật 10g - Hỗ trợ trị sẹo lồi sẹo lõm,55000,Gentacin,4.5,280
Gel chấm mụn đầu trắng và đầu đen Acnes Sealing Jell 18g,57000,Acnes,4.7,335
Kem Rửa Mặt Tút Sáng Từ Đất Sét Trắng Oxy White Complete (100g),64000,OXY,4.7,170
"Gel Hỗ Trợ Trị Sẹo, Mờ Vết Thâm, Thâm Mụn Vitara - Se Gel - BER05 (15g)",208550,VITARA,4.8,9
"Nước tẩy trang dành cho da dầu, da mụn BIODERMA Sébium H2O 100ml",193030,BIODERMA,4.7,65
Xịt Khoáng 50ml La roche posay,99000,La Roche-Posay,4.8,51
"Kem chống nắng Sunplay mát lạnh giải nhiệt dạng sữa Sunplay Super Cool SPF 50, PA++++ 30g",79000,Sunplay,4.8,218
Combo 5 Giấy Thấm Dầu Mayan  (100 Tờ / Gói),86000,Mayan,4.6,81
Combo 5 Giấy Thấm Dầu Mayan Than Hoạt Tính (100 Tờ),161000,Mayan,4.8,57
Kem dưỡng cải thiện lão hóa Hada Labo Pro-Aging Retinol B3 Cream 50g,202768,Hada Labo,4.7,624
Kem dưỡng ẩm Hada Labo Advanced Nourish Cream 50g,159160,Hada Labo,4.7,748
Xịt Khoáng Tinh Chất Collagen Aspasia Moist Up Face Mist Collagen (150ml),75000,Aspasia,5.0,2
Mặt nạ đất sét Cocoa Vedette 145g,125000,Vedette,4.5,77
"Kem Dưỡng Giảm Mụn, Ngừa Thâm, Thông Thoáng Lỗ Chân Lông La Roche-Posay Effaclar Duo+ 40ml",455000,La Roche-Posay,4.7,95
Kem Chống Nắng Dưỡng Trắng Nâng Tone Da Cell Fusion C Brightening Tone Up Sunscreen 100 SPF50+/ PA ++++ (50ml),340400,Cell Fusion C,4.5,2
Kem Chống Nắng Dưỡng Trắng Nâng Tone Da Cell Fusion C Brightening Tone Up Sunscreen 100 SPF50+/ PA ++++ (10ml),89000,Cell Fusion C,5.0,3
"Serum C15 dưỡng sáng mờ thâm, ngăn ngừa lõa hóa Acnes Lab C15 Serum 15ml",284924,Acnes,3.8,4
Mặt nạ nghệ Hưng Yên  Cocoon 100ml,316480,The Cocoon Original Vietnam,5.0,3
Sữa rửa mặt nghệ Hưng Yên Cocoon 310ml,230690,The Cocoon Original Vietnam,5.0,4
Sữa rửa mặt tẩy trang sáng da Hatomugi 130g/tuýp,45000,Hatomugi,5.0,1
Xịt chống nắng bảo vệ đa chiều Skin Aqua Ultra Protection Mist 60ml,155480,Sunplay,5.0,2
Kem chống nắng SPF 50 UVA+UVB Vichy Capital Soleil Mattifying Dry Touch Face Fluid 50ml,428000,VICHY,5.0,11
"Tinh chất vitamin C dưỡng trắng, mờ thâm cao cấp Melano CC Premium Whitening Essence 20ml",277058,Melano CC,5.0,10
"Gel giảm sẹo lồi, phì đại Rejuvasil",380000,Rejuvaskin,4.6,321
Serum dưỡng trắng Hada Labo Perfect White Tranexamic Acid 2% (30ml),255208,Hada Labo,3.7,6
Nước tẩy trang sạch sâu dưỡng ẩm Hada Labo Micellar Water Hydrating 240ml,106000,Hada Labo,4.8,49
Kem Dưỡng Trắng Da Ban Ngày Eucerin Spotless Brightening Day SPF30 50ml,929000,Eucerin,4.7,3
[HOT DEAL] Kem Dưỡng Da Trắng Hồng ban đêm Giảm Thâm Sạm Không Cồn dạng gel SENKA AQUA BRIGHT GLOW GEL CREAM 50g - 15538,216200,Senka,4.8,4
Sữa rửa mặt ngăn ngừa mụn dạng gel Acnes Gentle Wash 100g,59000,Acnes,5.0,44
Sữa Rửa Mặt Nivea Men Hạt Mát Xa Sạch Nhờn Mát Lạnh (100G) - 88880,74000,Nivea,4.5,6
"Kem chống nắng vật lý Skin Aqua kiềm dầu, dạng sữa dùng hàng ngày Sunplay Skin Aqua Mineral Defense Oil Clear Milk SPF50+ PA++++ 25g",109000,Sunplay,4.7,26
Sữa rửa mặt không gây kích ứng cho da nhạy cảm Eucerin pH5 Facial Cleanser 100ml,90000,Eucerin,5.0,2
Kem Dưỡng Mềm Da Nivea Soft Crème (200 Ml) - 89050,171120,Nivea,0.0,0
ĐÁNH BAY MỤN CÓC SINH DỤC SÙI MÀO GÀ BẰNG KEM BÔI LARIFAN UNGO 0.05% TỪ CHÂU ÂU,524500,MKPHARMA,4.5,66
Tinh Chất Truyền Trắng Angel's Liquid Glutathione + Niacinamide 700 V-Ampoule 30ml,409000,Angel's Liquid,4.7,3
Tẩy tế bào chết ngăn ngừa mụn Eucerin Pro Acne Scrub 100ml,250240,Eucerin,4.8,6
Kem dưỡng giảm viêm da cơ địa Eucerin Ato Control Acute Care Cream 40ml,310040,Eucerin,2.0,1
Combo 10 Mặt Nạ BNBG Phục Hồi Thư Giãn Da Vita Genic Relaxing Jelly Mask 30ml x10,125764,BNBG,5.0,2
Kem dưỡng trắng dạng gel giúp cải thiện thâm sạm Melano CC Whitening Gel 100g,240350,Melano CC,4.5,100
Kem chống nắng dạng sữa dịu nhẹ cho da nhạy cảm và trẻ em Anessa Perfect UV Sunscreen Mild Milk For Sensitive Skin SPF 50+ PA++++ 60ml,462200,ANESSA,5.0,46
Serum Tinh Chất Chấm Mụn Lành Tính Nhanh Xẹp Mụn Chống Thâm Và Sẹo Rỗ DewyTree The Clean Lab AC DEW Calamine Blemish Spot 20ml,268690,DEWYTREE,4.8,179
Kem Dưỡng Trắng Da Ban Đêm Oribe Dưỡng Ẩm Làm Mờ Thâm Nám 30g,257050,Oribe,4.7,420
Dầu tẩy trang hoa hồng Cocoon 140ml,158000,The Cocoon Original Vietnam,4.8,12
Bộ đôi Kem chống nắng dạng xịt dưỡng da bảo vệ hoàn hảo + Kem chống nắng dạng sữa dưỡng da kiềm dầu bảo vệ hoàn hảo (Anessa Gold Spray 60g + Gold Milk 20ml),493480,ANESSA,4.8,26
"Kem chống nắng nâng tông Skin Aqua Tone up Mint Green cho da trắng có khuyết điểm đỏ, dạng tinh chất Sunplay Skin Aqua Tone Up UV Essence Mint Green SPF 50+ PA++++ 50g",143520,Sunplay,4.8,401
Kem dưỡng trắng da sữa dê và ngọc trai Thorakao 30g,270630,Thorakao,5.0,10
Kem dưỡng ban đêm Sắc Ngọc Khang dưỡng sáng và mờ thâm nám 30g,260930,Sắc Ngọc Khang,4.7,122
Sữa Rửa Mặt Sữa Bò Trắng Da Thorakao 120g,61000,Thorakao,4.7,18
"Tinh chất vitamin C dưỡng trắng da, chống thâm nám Melano CC Whitening Essence 20ml",217626,Melano CC,4.7,576
Dầu tẩy trang dưỡng ẩm Hada Labo Advanced Nourish Hyaluron Cleasing Oil 200ml,182666,Hada Labo,4.7,287
Combo 3 Bông Tẩy Trang Jomi (80 Miếng / Túi),70000,Jomi,4.6,187
Seum VItamin C 10% dưỡng trắng mờ thâm sạm Acnes Lab C10 serum 15ml,266570,Acnes,4.8,136
"Kem chống nắng Skin Aqua dưỡng trắng & dưỡng ẩm, dùng hàng ngày dạng gel Sunplay Skin Aqua Silky White Gel Eco Việt Nam SPF 50, PA++++ 70g",146280,Sunplay,4.8,210
Kem Dưỡng Da Ban Ngày 50G Pond'S Bright Beauty Spf 30 Pa+++ Chống Nắng Sáng Hồng Rạng Rỡ,126000,Pond's,4.6,173
Gel rửa mặt kiêm tẩy tế bào chết tinh chất bưởi hồng danh cho da dầu mụn 150ml,112000,Evoluderm,5.0,4
Kem Chống Nắng Cho Da Nhạy Cảm Cell Fusion C Derma Relief Sunscreen SPF50+/PA,399000,Cell Fusion C,5.0,2
Dung dịch chấm mụn bí đao Cocoon 5ml,106250,The Cocoon Original Vietnam,5.0,1
Nước tẩy trang hoa hồng Cocoon 310ml,191590,The Cocoon Original Vietnam,5.0,1
Bộ sữa chống nắng Anessa dưỡng da dịu nhẹ dạng sữa SPF50+ PA++++ 60ml và Serum dưỡng da và phục hồi da sau nắng 180ml,889640,ANESSA,5.0,3
Gel rửa mặt cho da dầu nhạy cảm La Roche-Posay Effaclar Foaming Gel 400ml (Túi refill),480000,La Roche-Posay,5.0,2
Tẩy Tế Bào Chết Rosette Thu Nhỏ Lỗ Chân Lông Gommage Clear Peel 180G,118680,Rosette,4.8,5
Tẩy Tế Bào Chết Rosette Dưỡng Sáng Da Gommage Bright Peel 180G,144210,Rosette,4.8,5
Tinh Chất Eucerin Dưỡng Cho Da Mụn Pro Acne Solution SOS Serum 40ml,333960,Eucerin,0.0,0
Dưỡng Chất Chống Nắng L'Oreal Paris Uv Defender Serum Protector Invisible Fluid 50ml,257000,L'ORÉAL,5.0,3
Giấy thấm dầu trà xanh Acnes Oil Remover Paper Green Tea 100 tờ,32000,Acnes,4.7,10
Combo 30 gói Kem chống nắng nâng tông da Whoo Seol Radiant Tone Up Sunscreen 1ml,180000,the history of whoo,4.8,4
Serum Dưỡng Thể NIVEA Sáng Da Ban Đêm (180 ml) - 88367 (Bao bì thay đổi theo từng đợt nhập hàng),133400,Nivea,5.0,2
Sữa rửa mặt cho nam Oxy sạch sâu sảng khoái dưỡng ẩm dạng gel Oxy Perfect Hydra Wash 100g,68000,OXY,5.0,14
Son Dưỡng Môi NIVEA Caring Color Có Màu (4.8 G),96000,Nivea,0.0,0
Combo 30 gói tẩy tế bào chết dạng kỳ Whoo Gong Jinhyang Seol Brightening Peeling Gel 1ml,145000,the history of whoo,5.0,7
"Kem dưỡng  da Sắc Ngọc Khang 5 trong 1 ban ngày 30g giúp nuôi dưỡng làn da sáng khỏe, mờ thâm nám ngăn ngừa lão hóa",242000,Sắc Ngọc Khang,4.8,35
Kem Dưỡng Da Ban Ngày OLAY Luminous Trắng Da Mờ Thâm Nám SPF15+ 50g,188600,Olay,4.5,5
Kem dưỡng ẩm cho viêm da cơ địa Cetaphil Pro AD Moisturizer 295ml,670000,Cetaphil,4.7,15
Tinh chất giảm thâm nám & dưỡng sáng Eucerin Spotless Brightening Booster Serum 30ml,991000,Eucerin,5.0,4
Combo 10 Mặt Nạ Nâng Cơ Mặt BNBG Vita Genic LIFTING Jelly Mask 30mlx10,165600,BNBG,5.0,4
Gel rửa mặt giảm mụn Eucerin Pro Acne Cleansing Gel 200ml,237360,Eucerin,5.0,4
Sữa rửa mặt tạo bọt sạch sâu cho da nhờn Eucerin Pro Acne Cleansing Foam 150g,250240,Eucerin,5.0,1
Kem dưỡng ẩm kiểm soát nhờn & giảm mụn Eucerin Matt Fluid 50ml,333960,Eucerin,0.0,0
Combo 5 Bông tẩy trang Jomi 120 miếng/gói,126960,Jomi,4.8,19
Tinh chất collagen hỗ trợ đặc trị bọng mắt và quầng thâm ,299860,Farmstay,4.7,15
Tẩy tế bào chết tinh chất trà xanh,169000,Farmstay,0.0,0
Cà Phê Đắk Lắk Làm Sạch Da Chết Mặt Cocoon 150ml,132000,The Cocoon Original Vietnam,4.8,33
Combo 2 Sữa Rửa Mặt D Program Tạo Bọt Dưỡng Da 120g,450240,d program,5.0,7
Kem HOLY CARE Đông Trùng - Linh Chi  9in1 20g Làm Trắng - Giảm Thâm Nám - Chống Lão Hóa - Mờ Nếp Nhăn,658100,HOLY CARE,5.0,7
"Kem chống nắng nâng tông Skin Aqua Tone up Mint Green cho da trắng có khuyết điểm đỏ, dạng sữa Sunplay Skin Aqua Tone Up UV Milk Mint Green SPF 50+ PA++++ 50g",143520,Sunplay,4.8,708
Floslek Pharma Kem Kiểm Soát Dầu Và Điều Tiết Nhờn Mattifying Cream 50ml,450000,Floslek,5.0,7
Nước tẩy trang Loreal Micellar Water 3-in-1 Refreshing Even For Sensitive Skin,195000,L'ORÉAL,5.0,12
Sữa Rửa Mặt Hạt Nghệ Ngừa Mụn Thorakao Curcuma Cleansing Milk 100g ,66000,Thorakao,4.8,14
Combo 3 Bông Tẩy Trang Jomi (120 Miếng/Túi),99000,Jomi,5.0,40
Tẩy da chết trà xanh cao cấp Hàn Quốc Benew Green Tea Peeling Gel (120ml),115000,Benew,4.2,17
Hộp 10 Mặt nạ dưỡng ẩm - chống lão hóa Rainbow L'affair Multi-Care V5 Moisture Vitamin 250ml,380000,Rainbow L'affair,5.0,7
Nước Tẩy Trang Làm Sạch Sâu Cho Da Nhạy Cảm La Roche-Posay Micellar Water Ultra Sensitive Skin 400ml,449000,La Roche-Posay,4.7,48
"Kem chống nắng Skin Aqua dưỡng ẩm, dạng sữa dùng hàng ngày Sunplay Skin UV Moisture SPF 50, PA++++ 30g",89000,Sunplay,4.8,307
Dung dịch dưỡng ẩm tối ưu Hada Labo Advanced Nourish Lotion dùng cho da thường và da khô 170ml,150880,Hada Labo,4.7,325
Kem Chống Nắng Mona Frema SUNPRE AA High Protection Aqua Facial Gel 60ml,213710,MONA FREMA,5.0,4
Nước tẩy trang Emmié by HappySkin Soothing Polluclear Micellar Water (220ml) - Hàng chính hãng,109000,Emmie by happySkin,0.0,0
"Bông Tẩy Trang Miniso Nhật Bản 100% Cotton, 180 Miếng, Sạch Sâu, An Toàn Cho Da - HÀNG CHÍNH HÃNG MINIIN",19000,MINIIN,5.0,2
Sữa rửa mặt dưỡng trắng cao cấp Hada Labo Premium Cleanser Radiance 100g,106000,Hada Labo,5.0,1
Combo 10 Mặt Nạ Phục Hồi Cấp Tốc DR WonJin Instant Cica Sensitive Solution Mask 30g x10,275080,Wonjin Effect,0.0,0
"Combo 10 Mặt Nạ Cấp Ẩm Đa Tầng, Căng bóng Da BNBG PDRN Hydrating Skinbooster Mask 30ML",275080,BNBG,0.0,0
[GIFT] Kem Chống Nắng Cho Da Nhạy Cảm Cell Fusion C Derma Relief Suncreen 100 SPF 50+/PA++++ (1.2g),16000,Cell Fusion C,0.0,0
Thạch bí đao dưỡng ẩm Cocoon 30ml,166520,The Cocoon Original Vietnam,5.0,2
Tinh chất nghệ Hưng Yên C22 với 22% vitamin C sáng da chuyên sâu & mờ vết thâm Cocoon 30ml,402000,The Cocoon Original Vietnam,0.0,0
Tinh chất nghệ Hưng Yên (serum) C10 Cocoon giúp sáng da và mờ vết thâm 30ml,277840,The Cocoon Original Vietnam,5.0,1
Nước tẩy trang bí đao Cocoon 140ml,123250,The Cocoon Original Vietnam,5.0,1
Serum Phục Hồi Da RECOVER B5 SERUM Siniskin 30ml - Hàng Chính Hãng,276450,Siniskin,0.0,0
"Kem dưỡng phục hồi làm lành da nội sinh, ngăn ngừa nhiễm khuẩn AVÈNE CICALFATE",324760,Avène,5.0,2
"Kem giúp làm dịu, dưỡng ẩm da, giảm thâm, sẹo A-DERMA EPITHELIALE AH ULTRA SOOTHING CREAM",442150,A-Derma,0.0,0
Kem chống nắng nâng tone Kyung Lab UV Protection Tone Up Sun Cream - 50ml,270630,Kyung Lab,5.0,1
Kem chống nắng trắng da Tenamyd Fresh White Sand SPF 50+/PA+++ Tuýp 50g,222130,Tenamyd,5.0,1
Dưỡng chất giảm nếp nhăn và giúp da trông trẻ hơn Vichy Liftactiv Retinol Serum 30ml,1220000,VICHY,0.0,0
Kem Mắt Kumargic Eye Hỗ Trợ Giảm Quầng Thâm & Bọng Mắt 20g,94000,KUMARGIC,5.0,6
Set Kem Chống Nắng Nâng Tone Whoo Radiant White Tone-Up,822000,the history of whoo,5.0,2
Gel Rửa Mặt Cho Da Mụn Compliment No Problem 200ml,79000,COMPLIMENT,5.0,19
Mặt Nạ JM Solution Xóa Thâm Quầng Mắt Và Nếp Chân Chim Eye Patch (Đen Sáp Ong) 60 Miếng Giảm Thâm Quầng Mắt Ngọc Trai Marine Luminous Pearl Deep Moisture Mask 90g/60pcs,241000,JM Solution,0.0,0
"Cốc tạo bọt sữa rửa mặt, sữa tắm nhỏ gọn thời trang tiện lợi",35000,HBH,4.8,17
Kem Dưỡng Phục Hồi Da Rau Má GoodnDoc Centella Repair Cream 50ml,400000,GoodnDoc,4.8,21
Kem dưỡng đêm giảm thâm nám & sáng da Eucerin Spotless Brightening 50ml,929000,Eucerin,5.0,7
 Kem dưỡng ẩm da mặt giúp da trắng hồng và se khít lỗ chân lông có chống nắng LYNSHAO ( Hàng Chính Hãng ),95000,LYNSHAO,0.0,0
"Kem dưỡng ẩm chuyên sâu, tái tạo da nhạy cảm Eucerin AtoControl Face Cream 50ml",272320,Eucerin,4.7,3
Sữa rửa mặt bạc hà ngăn ngừa mụn Nature's Secrets 100ml,85000,Nature's Secrets,4.7,3
Sữa rửa mặt tẩy trang & làm sáng da Reihaku Hatomugi W Cleansing Foam (130g),45000,Reihaku Hatomugi,4.8,4
Kem Dưỡng Trắng Da Ban Ngày Oribe Giúp Dưỡng Ẩm Chống Nắng Cho Da 30g,243000,Oribe,4.8,171
Kem Lão Hóa FEIYA - Chống Lão Hóa - Ngừa Nếp Nhăn - Giảm Mụn - Cải Thiện Da Tối Màu,430000,FEIYA,5.0,9
Nước Hoa Hồng Ý Dĩ HATOMUGI 500ml,99000,Hatomugi,5.0,13
Mặt Nạ Cám Gạo Dạng Đắp Keana Rice Mask Dưỡng Ẩm và Làm Sáng Da  (10 Miếng) - NHẬP KHẨU NHẬT BẢN,162500,Keana,5.0,13
Sữa rửa mặt tạo bọt ngăn ngừa mụn Acnes Foaming Wash 150ml,66000,Acnes,4.8,189
Bộ Sản Phẩm Chăm Sóc Da Mụn La Roche Posay,734000,La Roche-Posay,0.0,0
Kem Nghệ Collagen Thorakao 10g,119000,Thorakao,4.7,35
Kem Nghệ Dưỡng Da Mụn Thorakao 7g ,40000,Thorakao,4.8,24
Sữa rửa mặt cao cấp Hàn Quốc Dabo Tinh Chất Lô Hội (180ml),115000,Dabo,5.0,1
Dung dịch dưỡng trắng da chống thâm nám Melano CC Whitening Lotion 170ml,206264,Melano CC,4.5,163
Kem Hỗ Trợ Giảm Mụn Ngừa Thâm Liền Sẹo Ori'be Chiết Xuất Tảo Nâu Từ Pháp Tuýp 20g,74000,Oribe,4.7,628
"Kem chống nắng Skin Aqua trang điểm tạo nền trắng mịn & đều màu dạng sữa Sunplay Skin Clear White CC Milk SPF 50, PA++++ 25g",119000,Sunplay,4.7,221
 Kem Dưỡng Trắng Ngừa Nám MELANIN WHITE SKIN KN Beauty 10G,379000,KN Beauty,0.0,0
Kem Chống Nắng Màu Kem Nền Mona Frema SUNPRE DD Xtreme Sunscreen Foundation 50ml,78840,MONA FREMA,5.0,3
Nước thần keo ong (tiền tinh chất) dưỡng da giúp phục hồi làn da CNP Laboratory Propolis Ampule Essence 150ml,584640,CNP Laboratory,0.0,0
Kem Chống Nắng Make p:rem Vật Lý Kiềm Dầu Khô Ráo (50ml),320800,MAKE P:REM,5.0,1
Tinh chất làm sáng mờ thâm Emmié By Happyskin 20% Niacinabright Clear Skin Serum (30ml) - Hàng chính hãng,319000,Emmie by happySkin,4.0,1
Sữa Rửa Mặt Sữa Bò Thorakao Tinh Chất Giúp Da Mềm Mịn 120G,74000,Thorakao,5.0,1
Tinh chất keo ong tái tạo phục hồi da CNP Laboratory Propolis Energy Ampoule,386000,CNP Laboratory,0.0,0
"Serum dưỡng ẩm cho da mụn, nhạy cảm Hada Labo Acne Care Calming Serum 30ml",240350,Hada Labo,0.0,0
Kem dưỡng ẩm làm mềm bảo vệ da tay Evoluderm 150ml,109000,Evoluderm,0.0,0
Kem dưỡng ẩm phục hồi và nuôi dưỡng làn da Evoluderm 50ml,158240,Evoluderm,5.0,2
"Serum mờ thâm nám, đều màu da Anodin Goldnexamic 10X Hàn Quốc 30ml",600000,Dabo,0.0,0
Gel rửa mặt sạch sâu và kiểm soát mụn Emmié Pore Purifying & Blemish Control Derma Clean Gel (180ml) - Hàng chính hãng,179000,Emmié by Happy Skin,0.0,0
Sữa rửa mặt mờ thâm sáng da La Roche-Posay Mela B3 Clarifying Micro-Peeling Gel 200ml,625000,La Roche-Posay,0.0,0
"Kem dưỡng căng bóng, trẻ hóa làn da Pretty Skin Retinal Bakuchiol A-Mazing Night Cream 50gr",479000,Dabo,5.0,1
[Nội Địa Nhật Bản] Sữa rửa mặt nam tạo bọt Sạch nhờn cho da dầu UNO Whip Wash Nhật Bản 130g,135000,Dabo,5.0,3
Sữa rửa mặt Tenamyd Fresh White Sand Platinum 120g ngừa mụn cho da dầu mụn - Hàng chính hãng - Lady & Men Viet Nam,268690,Tenamyd,5.0,3
"Kem Chống Nắng, Chống Nước Và Nâng Tone Kose Suncut Nhật Bản Bảo Vệ Da Khỏi Tia UV, Bụi Mịn SPF50+ PA++++ 100g, 80g, 60g",129000,Kosé,5.0,3
"Sáp chống nắng W.Skin Laboratory TRIPLE CARE SUN STICK SPF50+ PA++++ (17g) size bỏ túi, không để lại vết trắng, không cay mắt {Có tem phụ nhập khẩu chính ngạch}",247000,W.SKIN LABORATORY,5.0,2
Sữa rửa mặt cho da dầu mụn W.Skin Laboratory AC+ TROUBLE CLEARING CLEANSING FOAM (150ml) xuất xứ Hàn Quốc {Có tem phụ nhập khẩu chính ngạch},299860,W.SKIN LABORATORY,5.0,2
"Sữa Rửa Mặt Làm Sạch Và Dưỡng Ẩm, Dành Cho Da Khô, Nhạy Cảm SVR Topialyse Gel Lavant 55ml",140000,SVR,4.0,1
Kem Mụn - Trắng Da & Mờ Vết Thâm OLY HT Chính Hãng 25g LPK,149000,OLY HT,0.0,0
Tinh chất nghệ Hưng Yên x2.2 (serum) với 22% vitamin C sáng da chuyên sâu & mờ vết thâm Cocoon 30ml,379000,The Cocoon Original Vietnam,5.0,2
Mặt Nạ Dưỡng Trắng Da Queenie Collagen Trứng Cá Hồi 10 Tác Dụng 21g - 1 miếng,29000,,0.0,0
"Kem Chống Nắng SUN CREAM 100ml, Chống Tia Cực Tím SPF 50+, Tăng Độ Ẩm & Dưỡng Chất Cho Da, Bảo Vệ Da Khỏi Tác Hại Bên Ngoài",99000,QUYÊN LARA Natural product Spa Health club,4.0,1
Tẩy tế bào chết da mặt Sakura Gentle Facial Scrub 30ml,546000,SAKURA,0.0,0
Dầu Tẩy Trang Chiết Xuất Dầu Olive & Argan Deve Clean sing Oil 500ml & 200ml,179000,Deve Sumi,4.7,3
Mặt Nạ Mắt Giảm Thâm Giảm Nếp Nhăn JM Solution Honey Luminous Royal Propolis Eye Patch Black 60 miếng - JESS SHOP COSMETICS,163000,Jmsolution,4.5,7
Bộ sản phẩm làm sạch sâu dành cho da nhạy cảm La Roche-Posay Effaclar Double Cleansing,715000,La Roche-Posay,5.0,1
Xịt Chống Nắng Toàn Thân Lâu Trôi Vichy Capital Soleil SPF50+ 200ml (Tặng băng đô mèo xinh xắn),634999,VICHY,4.5,2
"Combo 10 Mặt Nạ Chống Lão Hóa, Giảm Nếp Nhăn BNBG Vita Cocktail AGE Foil Mask 30mlx10",275080,BNBG,5.0,6
Kem ROSA Nhân Sâm Đỏ - ROSA INTENSIVE WHITE GINSENG REFINING CREAM 20G,595200,Rosa,5.0,2
XỊT KHOÁNG DƯỠNG ẨM BỔ SUNG COLLAGEN QUEENIE 120ML - MỸ PHẨM CHÍNH HÃNG HÀN QUỐC,149000,Queenie,4.8,4
KEM DƯỠNG TRẮNG DA BAN NGÀY ANGEL CREAM QUEENIE SPF35/PA+++  50ML- MỸ PHẨM HÀN QUỐC,330000,Queenie,4.5,4
Kem Dưỡng Làm Dịu Kích Ứng Và Phục Hồi Da La Roche-Posay Cicaplast Baume B5 (40ml) Tặng Nước Tẩy Trang La Roche 50ml,337700,La Roche-Posay,4.7,11
Bộ Dưỡng Chống Lão Hoá Su:m 37 LosecSumma Elixir 3pcs GWP Set 57ml,343000,SU:M37,4.6,13
Kem tẩy trang trà xanh sạch sâu Welcos Green Tea Fresh Cleansing Hàn Quốc 300g tặng kèm móc khóa,251000,Welcos,4.0,5
Kem Chống Nắng Heliocare 360 Gel Oil-Free 40ml,1367000,Heliocare,5.0,8
Kem chống nắng cao cấp dành cho da mặt - Benew Daily Sun Protection Collagen Face Cream 70ml,119000,Benew,4.6,207
Nước Tẩy Trang L'Oreal 3 In 1 Micellar Làm Sạch Sâu (400ml),193030,L'ORÉAL,5.0,28
Kem Chống Nắng Không Màu Kiểm Soát Dầu La Roche-Posay Anthelios XL Dry Touch Gel-Cream SPF 50+ UVB & UVA (50ml),308320,La Roche-Posay,4.5,26
Sữa rửa mặt Hada Labo chống lão hóa Premium Cleanser Aging Care 100g,106000,Hada Labo,0.0,0
Kem Rửa Mặt OXY DEEP WASH Sạch Sâu 100g,68800,OXY,0.0,0
Sữa rửa mặt X-Men 100g Detox/Sáng da/Ngừa mụn/Kiểm soát nhờn/Mát lạnh,54000,X-Men,5.0,1
"Nước hoa hồng Evoluderm se khít lỗ chân lông, dưỡng ẩm & làm sạch 250ml",98000,Evoluderm,5.0,1
"Sữa rửa mặt cho nam Oxy sạch dịu nhẹ, giảm khô căng dạng gel Oxy Hydrating Wash 100g",75000,OXY,4.3,8
Kem chống nắng Bí đao Cocoon 50ml dạng sữa - sữa chống nắng,378000,The Cocoon Original Vietnam,5.0,4
Serum cải thiện lão hóa Hada Labo Pro-Aging Retinol B3 Serum 30ml,260452,Hada Labo,5.0,7
"Tinh Chất JA Hydra Bonding Serum Dưỡng Ẩm Phục Hồi Da, Giúp Da Căng Bóng Chuyên Sâu 55ml",1920000,HISTOLAB,0.0,0
Kem Dưỡng Olay Luminous Sáng Da Mờ Thâm Nám Ban Đêm 50g,179400,Olay,4.2,6
Sữa chống nắng La Roche-Posay cho da dầu mụn Anthelios UVMUNE400 Fluid - 50ml,428000,La Roche-Posay,5.0,3
"Kem Chống Nắng, Dưỡng Da Cao Cấp Dành Cho Nam - DABO FOR MEN BLACK UV FORCE TONE UP CREAM 50ML",296100,Dabo,0.0,0
Kem Phục Hồi - Giữ Ẩm - Trắng Da & Chống Nắng OLY HT Chính Hãng 12g & 25g LPK,69000,OLY HT,0.0,0
"Bộ mỹ phẩm chăm sóc da, kem chống nắng, serum thiên nhiên, sữa rửa mặt, nước tẩy trang, toner hoa hồng Thanh Mộc Hương",970000,Thanh Mộc Hương,0.0,0
"Strataderm 5g - Gel Silicone ngăn ngừa sẹo lồi, sẹo xấu, sẹo lâu năm",380000,Strataderm,0.0,0
Nước tẩy trang sạch sâu dưỡng trắng Hada Labo Micellar Water Whitening 240ml,109000,Hada Labo,4.6,30
Hộp mặt nạ dưỡng trắng chuyên sâu Hada Labo Premium Whitening Serum Mask 115g (hộp 5 miếng x 23g/ miếng),159160,Hada Labo,5.0,20
Bộ travel size dưỡng ẩm sâu Hada Labo Advanced Nourish Travel kit (Kem rửa mặt 15g + Dung dịch dưỡng 20ml + Kem dưỡng 12g),80000,Hada Labo,4.6,7
Mặt nạ khô MEDiCARE 25 miếng,35000,Medicare,4.7,18
"Sữa rửa mặt Simple giúp cấp ẩm, da trông khỏe và mịn màng - cho da khô nhạy cảm 150ml [CHÍNH HÃNG ĐỘC QUYỀN] [MỚI]",109000,SIMPLE,4.7,227
"Ampoule Lão Hóa, Nâng Cơ & Chống Nhăn Da Mirum Wrinkle Pepta Lifting Shot Ampoule 50ml",665000,Mirum,4.5,2
"Kem chống nắng nâng tông Skin Aqua Tone up Rose cho da trắng, khuyết điểm xanh hoặc tái xanh, dạng tinh chất Sunplay Skin Aqua Tone Up UV Essence Happiness Aura (Rose) SPF 50+ PA++++ 50g",143520,Sunplay,4.8,216
Mặt nạ chuyên biệt cho da mụn Acnes Blemish Control Mask (3 miếng/1 Gói/ 65ml),48000,Acnes,4.8,66
Sữa Rửa Mặt Tạo Bọt Ngừa Mụn Oriss 100g - Chuyên Dành Cho Da Mụn,116000,Oriss,4.8,101
Mặt Nạ Lột Nhẹ Hương Mật Ong Vedette 50ml,95000,Vedette,4.7,24
[KHUYẾN MÃI] Serum Hydro B5 Plus Dưỡng Chất Chuyên Sâu Hỗ Trợ Phục Hồi Da DRC+ 120ml,709000,DRC PLUS,4.8,19
Kem chống nắng dạng sữa dưỡng da kiềm dầu bảo vệ hoàn hảo Anessa Perfect UV Sunscreen Skincare Milk SPF 50+ PA++++ 20ml,205252,ANESSA,4.8,30
Kem Dưỡng Da Ốc Sên Ban Ngày Thorakao 30g,178000,Thorakao,5.0,8
kem chống nắng dưỡng trắng da collagen BENEW hàn quốc ( 70ml),119000,Benew,4.3,3
Sữa Rửa Mặt Nam Ngăn Ngừa Mụn Sạch Nhờn Trắng Da Hàn Quốc Cao Cấp Dabo Black Force (120ml) – Hàng Chính Hãng,115000,Dabo,4.6,5
Sữa Rửa Mặt Tinh Chất Trà Xanh sạch nhờn ngừa mụn Benew Green Tea Foam Cleansing Hàn Quốc (100ml) – Hàng Chính Hãng,72000,Benew,0.0,0
"Sữa Rửa Mặt Dành Cho Nam Dabo Black Force Mild Scrub Cleanser Than Hoạt Tính Kháng Khuẩn, Ngừa Mụn, Sạch Nhờn (120ml) - Hàng Chính Hãng ",115000,Dabo,4.6,90
Kem Dưỡng Trắng Sáng & Giảm Thâm Nám Ban Ngày Senka White Beauty UV Cream 50g SPF 25 PA ++,199640,Senka,4.5,15
Sữa rửa mặt dành cho phái mạnh ngừa mụn tối ưu Hàn Quốc Dabo Black Force – For Men (120ml) – Hàng chính hãng.,115000,Dabo,4.7,7
Kem Hỗ trợ Trị Sẹo DottorPrimo Scargel Plus Của Ý Hỗ Trợ Trị Sẹo Ngay Khi Vết Thương Còn Ướt Đẩy Nhanh Quá Trình Đóng Vảy Và Lên Da Non Ngăn Chặn Hình Thành Sẹo Ngay Từ Giai Đoạn Này,386000,DottorPrimo,5.0,1
Sữa Rửa Nam Ngăn Ngừa Mụn Trắng Da Dabo Black Force (120ml),115000,Dabo,4.5,2
Kem dưỡng trắng da Acnes Whitening+ Cream 50g,79000,Acnes,4.5,143
Bộ 3 Hộp Silcot Bông Trang Điểm (bông tẩy trang) Nhật Bản Cao Cấp (66 Miếng/Hộp),110000,Silcot,4.7,492
Sữa Rửa Mặt Tươi Mới Biyokea (100g),229890,Biyokea,0.0,0
Combo 10 Mặt Nạ Dermal Tinh Chất Collagen Với Chiết Xuất Trà Xanh,115000,Dermal,5.0,22
Xịt Khoáng Làm Dịu Và Bảo Vệ Da La Roche-Posay Thermal Spring Water (300ml) - M0362400,449000,La Roche-Posay,5.0,11
Mặt nạ ngủ tái sinh và chống lão hóa belif Regenerating Mask 75ml,561000,Belif,5.0,3
"Serum dưỡng ẩm chuyên sâu, làm dịu da Acnes Lab B5 Recovery Serum 25ml",298908,Acnes,4.8,6
Kem dưỡng da giảm mụn chuyên sâu Acnes Lab Acne Repair Cream 20g,134320,Acnes,5.0,1
"Sữa rửa mặt cho nam Oxy sạch dịu nhẹ, kiềm dầu dạng kem Oxy Oil Acne Wash 100g",75000,OXY,5.0,7
Xịt khoáng nghệ Hưng Yên Cocoon 130ml,184000,The Cocoon Original Vietnam,5.0,3
Nước Tẩy Trang Chacott Cleansing Water 500ml,253074,Chacott,4.3,3
"Kem Nám Đêm MELANIN BLOCK LYCOS, Kem Nám Lycos - Phiên bản nâng cấp : giảm thâm nám tàn nhang, dưỡng trắng da. hiệu quả lên đến 99%",520000,LYCOS,3.7,3
Sữa rửa mặt CETAPHIL da dầu & da nhạy cảm 125ml,195000,Cetaphil,1.0,1
[MỚI] Serum dưỡng da và phục hồi da sau nắng Anessa Night Sun Care Serum 180ml,513720,ANESSA,5.0,2
Dung dịch cải thiện lão hóa Hada Labo Pro-Aging Retinol B3 Lotion 170ml,199272,Hada Labo,5.0,2
Sữa rửa mặt dưỡng trắng Melano CC Deep Clear Enzyme Face Wash 130g,130640,Melano CC,4.6,7
"Serum chống nắng ngăn sạm, nám da Skin Aqua Nexta Shield Serum UV Essence SPF50+ PA++++ 50g ( dạng tinh chất)",253000,Nexta,4.5,7
Sữa Rửa Mặt Ohui Hồng Miracle Moisture Cleansing Foam 200ml,550000,OHUI,5.0,2
Kem chống nắng cho da dầu mụn Acnes Blemish Control Sunscreen 50g,122000,Acnes,4.5,8
Kem dưỡng trắng dạng gel Hada Labo Perfect White Tranexamic Acid Cream 50g,182666,Hada Labo,4.5,27
Nước tẩy trang cho da mụn Acnes Micellar Water 200ml,82000,Acnes,4.8,22
Nước Tẩy Trang làm Sạch Sâu Garnier Micellar Cleansing Water,39000,Garnier,5.0,2
Sữa rửa mặt làm sạch dịu nhẹ không xà phòng Cetaphil Gentle Skin Cleanser 500ml,355000,Cetaphil,4.7,39
Sữa rửa mặt tạo bọt Eveline vitamin C phục hồi làm trắng da 150ML,99000,Eveline,4.5,2
Tẩy Da Chết Ohui Extreme White Peeling 60ml,538000,OHUI,5.0,3
Dung dịch tẩy tế bào chết Paula’s Choice Skin Perfecting 2% BHA Liquid Exfoliant 118 ml-2010,690000,Paula's Choice,4.5,12
Gel rửa mặt giảm mụn Eucerin Pro Acne Cleansing Gel 75ml,173052,Eucerin,5.0,1
Sữa rửa mặt dịu lành cho da nhạy cảm Cetaphil Gentle Skin Cleanser 500ml,425000,Cetaphil,4.8,197
Combo 10 Mặt Nạ BNBG Hydrating Vita Genic Jelly Mask Dưỡng Ẩm Da Đa Tầng 30mlx10,164680,BNBG,5.0,6
Bộ đôi Kem chống nắng dạng sữa dưỡng da kiềm dầu bảo vệ hoàn hảo + Kem chống nắng dạng xịt dưỡng da bảo vệ hoàn hảo (Anessa Gold Milk 60ml + Gold Spray 60g),758080,ANESSA,5.0,4
Cicaplast Baume B5 La Roche-Posay Kem Dưỡng Làm Dịu Mát Mượt & Phục Hồi Da Phù Hợp Cho Trẻ Em - Trẻ Sơ Sinh (100ml) - M6918702,490000,La Roche-Posay,4.5,17
Kem chống nắng body Skin Aqua mát lạnh dùng hàng ngày Sunplay Skin Aqua UV Body Cooling Lotion SPF 50+ PA++++ 150g,155480,Sunplay,4.7,207
[KHUYẾN MÃI] Serum HA Plus Dưỡng Ẩm Căng Bóng Giảm Nếp Nhăn Hyaluronic Acid AWAKETHECELL 300ml,614000,AWAKETHECELL,4.7,26
BỘ 10 MẶT NẠ 3W CLINIC FRESH POMEGRANATE MASK SHEET + TẶNG KÈM 01 MẶT NẠ CÙNG LOẠI,65000,3W Clinic,0.0,0
Kem chống nắng giảm bóng nhờn La Roche Posay Anthelios XL Dry Touch 50ml,470000,La Roche-Posay,0.0,0
Kem Dưỡng Giảm Thâm Quầng Mắt Himalaya 15ml,189732,Himalaya Herbals,4.6,168
Kem chống nắng dạng tinh chất Senka Perfect UV Essence 50g,148120,Senka,4.6,149
Serum Giảm Thâm Quầng Mắt Thorakao 10g,140000,Thorakao,5.0,7
Nước hoa hồng Dear Klairs Supple Preparation Facial Toner 180ml,218250,Klairs,4.8,6
Kem Dưỡng Ban Đêm OLAY Total Effects 50g,238280,Olay,4.7,11
"Kem Giảm Nám, Tàn Nhang, Đồi Mồi Yanhee Mela Cream (20g)",109000,Yanhee,4.3,32
Gel Tẩy Tế Bào Chết Naruko Trà Tràm Tea Tree Shine Control And Blemish Clear Peeling Gel (120ml),290460,Naruko,5.0,17
"Sữa Rửa Mặt Cetaphil Gentle Skin Cleaner (500ml) - 8394107341305,9318637069637",355000,Cetaphil,5.0,115
Lotion dưỡng ẩm cao cấp - Siêu cấp ẩm cho da căng mượt Hada Labo Gokujyun Premium Hydrating Lotion (170ml),217626,Hada Labo,4.7,384
Dung dịch dưỡng ẩm tối ưu Hada Labo Advanced Nourish Lotion dùng cho da dầu 170ml,150880,Hada Labo,4.7,439
"Actidem Derma Gel Ho Tro Ngan Ngua Mun, Lam Mo Vet Tham (40g/tuyp)",198550,Derma,0.0,0
Tinh chất dưỡng sáng ngọc trai belif Super drops - Glow serum 50ml,628000,Belif,5.0,1
Tinh chất tái tạo và cải thiện nếp nhăn belif Super drops - Peptide Firming Serum 30ml,599040,Belif,5.0,1
Kem chống nắng nâng tông da CNP Laboratory Tone-Up Protection Sun SPF42/PA+++ 50ml,459000,CNP Laboratory,3.5,2
Kem Dưỡng Trắng Da Cấp Ẩm Đa Tầng Angel's Liquid 7 Day Whitening Program Glutathione 700 V-Cream 50ml,409000,Angel's Liquid,4.8,5
"Tinh chất bí đao 7% Niacinamide giúp giảm mụn, mờ vết thâm Cocoon 70ml",230690,The Cocoon Original Vietnam,5.0,2
Sữa rửa mặt dạng gel rửa mặt cà phê Đắk Lắk Cocoon 310ml,230690,The Cocoon Original Vietnam,5.0,1
"Set 3 lọ xịt mọc tóc Minoxidil Bailleul Pháp, 2%",720000,HISTOLAB,0.0,0
Nước Hoa Hồng Lancome Tonique Confort Toner 125ml,330000,lancome,0.0,0
"Kem dưỡng ẩm cho da mụn, nhạy cảm Hada Labo dạng gel Acne Care Calming Gel Cream 50g",182666,Hada Labo,4.5,8
"Dung dịch dưỡng trắng cao cấp, cải thiện thâm nám, tàn nhang Hada Labo Shirojyun Premium Whitening Lotion 170ml",201020,Hada Labo,5.0,3
[Hàn Quốc] Sữa rửa mặt tạo bọt chiết xuất cám gạo cho da dầu On The Body: Rice Therapy Rice Bran Scrub Foam Cleanser 150g,124200,On The Body,4.7,7
Kem Chống Nắng UVA+UVB Chống Bụi Mịn Vichy Spf50+CapitalSoleilMattifying 3in1 50ml,508000,VICHY,0.0,0
"Kem Dưỡng Ban Đêm Tái Tạo, Phục Hồi Và Trẻ Hóa Làn Da PrettySkin Retinal BakuChiol A-Mazing Night Cream 30ml",237650,PrettySkin,5.0,1
Phấn lạnh Snake Brand Prickly Heat Cooling powder Thái Lan 140g,99000,Mugens,5.0,1
Kem chống nắng dạng sữa dưỡng da kiềm dầu bảo vệ hoàn hảo Anessa Perfect UV Sunscreen Skincare Milk SPF 50+ PA++++ 20ml,60000,ANESSA,0.0,0
Tinh Chất Chăm Sóc Da The Auragins,197211,THE AURAGINS,5.0,2
Dung Dịch Tẩy Tế Bào Chết Paula's Choice 2% BHA 30ml - 118ml,317000,Paula's Choice,3.0,2
Combo 30 gói Kem chống nắng OHUI Day Shield Perfect Sun Black SPF50+ PA++++ 1ml,130000,OHUI,5.0,6
"Kem chống nắng nâng tông Skin Aqua Tone up Latte Beige cho mọi tông da, dạng tinh chất Sunplay Skin Aqua Tone Up UV Essence Latte Beige SPF 50+ PA++++ 50g",143520,Sunplay,4.8,163
Sữa Rửa Mặt Ngừa Mụn Và Làm Sáng Da 31302 Reihaku Hatomugi Facial Foam(Tuýp 130 G),65000,Hatomugi,5.0,3
Gel hỗ trợ giảm mụn và vết thâm Megaduo (15g),146000,Gamma Chemicals PTE,4.8,16
"Kem dưỡng ngày trắng da, làm sáng da,làm mờ dấu hiệu lão hóa da Lá House Herbal White DD Cream SPF 60PA+++ 10ml/30ml",425000,Lá House,5.0,57
"Kem Dưỡng Da Ban Đêm Sắc Ngọc Khang 10g giúp dưỡng da ẩm mịn, tươi sáng và mờ nám - sạm - tàn nhang",140000,Sắc Ngọc Khang,4.3,14
Nước Tẩy Trang NIVEA Pearl Bright Sáng Da | Sạch Sâu (400 ml) - 84912,119600,Nivea,0.0,0
Gel Rửa Mặt Sạch Sâu Giảm Nhờn Vichy Normaderm Phytosolution 400ml,569999,VICHY,4.7,27
Serum Giảm Mụn Oriss Tinh Chất Tràm Trà Hỗ Trợ Mờ Thâm Sạch Mụn 10g,149000,Oribe,4.7,131
Sữa rửa mặt NIVEA Pearl White Đất Sét giúp trắng da ngọc trai (100g) - 81273,74000,Nivea,4.8,6
Tẩy Da Chết Mặt Tế Bào Gốc Thực Vật Lành Tính Làm Sạch Sâu Dịu Nhẹ Dưỡng Ẩm Sáng Da Cho Da Dầu Mụn Nhạy Cảm Cellkey-Scien White Peeling Gel (80ml),261900,CELLKEY-SCIEN,4.7,408
Sữa Rửa Mặt NIVEA MEN Detox Mud Bùn Khoáng Giúp Giảm Mụn & Hư Tổn Da (100G) - 83940,79000,Nivea Men,5.0,4
Kem DONGSUNG Rannce Cream Ngừa Nám Chống Lão Hóa HÀN QUỐC,129000,Dongsung,4.6,38
Kem dưỡng ban đêm Sắc Ngọc Khang dưỡng sáng và mờ thâm nám 10g,139000,Sắc Ngọc Khang,4.5,93
"Kem Nám Trắng Da Tàng Nhang Đồi Mồi (15g, 25g) Sắc Tiên Today",111000,Sắc Tiên Today,4.5,2
Nước Hoa Hồng Thorakao 150ml,84000,Thorakao,4.8,10
Nước tẩy trang SENKA A.L.L. CLEAR WATER Micellar Formula White 230ml,97000,Senka,4.6,293
"Kem Phục Hồi Da Làm Lành Da, Chống Nhiễm Khuẩn Cicalfate Cream 40ml Avene",309260,Avène,5.0,48
Sữa Rửa Mặt Tạo Bọt Chiết Xuất Đất Sét Trắng Senka Perfect White Clay New 14840 (120g),96000,Senka,4.6,103
Sữa rửa mặt ngăn ngừa mụn dạng gel Acnes 25+ Facial Wash 100g,67000,Acnes,4.8,173
Nước Khoáng Làm Dịu Và Bảo Vệ Da La Roche-Posay Thermal Spring Water (50ml) - M0362500,89000,La Roche-Posay,4.2,26
Combo 3 Phim Thấm Dầu Jomi Mayan (70 Tờ) - Xanh,139840,Mayan,4.8,407
Tinh chất dưỡng da Olay 5 in 1 Super Serum (30ml) - Hàng chính hãng,709000,Olay,0.0,0
"Bông Tẩy Trang La Mer Cotton Organic, 120 - 201 Miếng Mềm Mịn, An Toàn Cho Da - HÀNG CHÍNH HÃNG MINIIN",39000,MINIIN,5.0,1
"Dung dịch dưỡng trắng, cải thiện thâm nám, đốm nâu Melano CC Whitening Lotion (Rich Type)",195776,Melano CC,5.0,1
Dầu tẩy trang hoa hồng Cocoon 140ml,153640,The Cocoon Original Vietnam,5.0,3
"[Mới] Kem Chống Nắng Kiềm Dầu SẮC NGỌC KHANG 50g - bảo vệ toàn diện, kiểm soát bóng dầu hiệu quả",247000,Sắc Ngọc Khang,5.0,1
Tẩy da chết mặt Compliment giảm mụn sạch da,95000,COMPLIMENT,5.0,1
[Gift] Dung dịch dưỡng trắng da tối ưu Hada Labo Perfect White Tranexamic Acid Lotion 20ml,34000,Hada Labo,0.0,0
Nước Hoa Hồng Cấp Ẩm Kiềm Dầu Dưỡng Trắng Xóa Nhăn Cellkey-Scien Moist Daily Toner (150ml),515000,CELLKEY-SCIEN,5.0,9
Gel Lột Mụn Than Tre Hoạt Tính OKESHOP 30ml - Giải Pháp Loại Bỏ Mụn Đầu Đen - Mụn Cám - Bạ Nhờn - Làm Sạch Sâu Và Thu Nhỏ Lỗ Chân Lông,69000,HOLY CARE,5.0,1
"Serum dưỡng ẩm Tối Ưu, Phục Hồi Da Hada Labo Advanced Nourish Hyaluronic Acid (30 ml)",217626,Hada Labo,5.0,3
Cao Nám Whoo Làm Trắng Làm Mờ Vết Thâm Nám combo 10 vỉ,190000,the history of whoo,5.0,2
Sữa Rửa Mặt Dạng Gel Dành Cho Da Dầu Nhạy Cảm Effaclar Gel Moussant Purifiant La Roche Posay 50ml,50000,La Roche-Posay,4.7,17
"Hộp 10 miếng mặt nạ Hàn Quốc Yuejin B5 Repair Control EGF cấp ẩm đa tầng, phục hồi và làm dịu da",291400,Yuejin,4.0,1
"Serum Làm Dịu, Làm Lành Và Phục Hồi Da Tổn Thương Hằng Ngày Uriage Bariéderm-Cica Daily Serum 30ml",839000,Uriage,5.0,1
Bông Tẩy Trang 200 Miếng Beyaki,40420,Beyaki,4.0,1
Nước dưỡng sáng & cấp ẩm cho da Eucerin Boosting Essence 100ml,494000,Eucerin,0.0,0
Gel Mụn Khẩn Cấp SOS Compliment No Problem 25ml,62000,COMPLIMENT,4.7,3
"Sữa dưỡng ẩm cho da dầu mụn, nhạy cảm Cetaphil Pro Acne Prone Oil-free Moisturizing Lotion SPF 25 118ml",655000,Cetaphil,0.0,0
Tẩy da chết Eveline Beauty & Glow làm sáng da với hạt massage và Enzyme tự nhiên 75ML,99000,Eveline,0.0,0
SỮA RỬA MẶT ENZYME,150000,Dr.D,5.0,10
"KEM CHỐNG THÂM QUẦNG, BỌNG MẮT, NẾP NHĂN VÙNG MẮT NEW KUMARGIC EYE DX 20g Nhật Bản (Mẫu mới nhất)",227950,KUMARGIC,5.0,11
Bộ sản phẩm Men Stay Simplicity chăm sóc da dầu mụn cho nam Acne Relief Skincare Trio: Sữa rửa mặt 100g x Serum 30ml x Kem dưỡng ẩm 80g,622000,Men Stay Simplicity,5.0,7
Serum Karmel Detox Acnes Kamel 10ml - Ngừa Mụn Hiệu Quả Cao ( mẫu mới ),360000,Karmel,4.6,10
Kem Chống Nắng Dành Cho Da Khô Nhạy Cảm La Roche-Posay Anthelios Hydrating Cream SPF50+ 50ml (Tặng băng đô mèo xinh xắn),424999,La Roche-Posay,4.7,30
Nước Tẩy Trang NIVEA Ngừa Mụn Acne Care Micellar Water (400ML) - 80116,120000,Nivea,0.0,0
BÔNG TẨY TRANG MINISO Hộp 1000 MIẾNG,42000,MINISO,4.5,75
Sữa rửa mặt dưỡng ẩm Hoàng Cung Whoo Gong Jin Hyang Foam 40ml,118000,the history of whoo,4.7,34
Kem dưỡng ẩm đa năng Facial Moisturizer Men Stay Simplicity,231830,Men Stay Simplicity,0.0,0
Dung dịch dưỡng ẩm tối ưu Hada Labo Advanced Nourish Lotion dùng cho da thường và da khô 100ml,115000,Hada Labo,4.8,227
Dung dịch dưỡng ẩm tối ưu Hada Labo Advanced Nourish Lotion dùng cho da dầu 100ml,115000,Hada Labo,4.7,324
Dưỡng Chất Chuyên Sâu Giúp Hỗ Trợ Quá Trình Tái Tạo Da La Roche-Posay Hyalu B5 Serum 30ml,765000,La Roche-Posay,0.0,0
Kem Chống Nắng Sakura Physical Daily Defense SPF 50+ PA ++++ (60g),895000,SAKURA,0.0,0
Kem chống nắng giúp dưỡng trắng da Eucerin Double SPF 50+,529000,Eucerin,4.8,24
Nước tẩy trang sạch thoáng Senka A.L.L.Clear Water Fresh 230ml,96000,Senka,4.8,181
Kem Dưỡng Da Dưỡng Ẩm Cả Ngày (50ml),86400,Himalaya Herbals,4.7,19
La Roche-Posay - Gel Rửa Mặt Tạo Bọt Cho Da Dầu Nhạy Cảm Effaclar Purifying Foaming Gel 200ml,379000,La Roche-Posay,0.0,0
Xịt Khoáng Avène Thermal Spring Water 100715921 (300ml),282000,Avène,4.7,6
Combo 5 Miếng Dán hỗ trợ điều trị Mụn Mayancare 20 Miếng (0.8cm),123280,Mayan,4.7,148
Bông Tẩy Trang Jomi 120 Miếng/Túi ,40000,Jomi,5.0,1
Nước Xịt Khoáng Evoluderm 400ml - 7084  ,169000,Evoluderm,4.8,156
Gel rửa mặt tạo bọt DrCeutics Gentle Olive Facial Cleansing Gel (250g) - Hàng chính hãng,202730,DrCeutics,0.0,0
Serum Sáng Đa Tầng Pond'S Bright Miracle Mờ Thâm Sạm Với 50X Niasorcinol 30gr,169280,Pond's,5.0,1
Kem dưỡng nâng tông da PERFECT DIARY 40g dưỡng ẩm mỏng nhẹ sáng da tức thời,192280,PERFECT DIARY,0.0,0
"Combo Bao Khăn Lau Mặt Tiện Dụng PUFFME, 200 Miếng/Bao",162000,Puffme,5.0,1
Serum Beauty Visage White trắng da mờ nám tàn nhang,120000,Beauty Visage,0.0,0
Nước tẩy trang thảo mộc làm sạch sâu Belif Cleansing Herb Water 300ml,592320,Belif,5.0,1
Sữa Rửa Mặt Simple Refreshing Facial Wash Dành Cho Mọi Loại Da 150ml,75000,SIMPLE,5.0,2
Sữa rửa mặt PERFECT DIARY axit amin tạo bọt dịu nhẹ cho da nhạy cảm 200ml,201480,PERFECT DIARY,0.0,0
Sữa rửa mặt nghệ Hưng Yên Cocoon 140ml,179400,The Cocoon Original Vietnam,5.0,1
 Mini 12ml Kem Chống Nắng Perfect UV Sunscreen Mild Milk,53000,ANESSA,0.0,0
"Nước tẩy trang sạch sâu cho da mụn, nhạy cảm Hada Labo Micellar Water Acne Care 240ml",114000,Hada Labo,5.0,2
Gel Rửa Mặt Cho Da Mụn Eucerin 3X Treatment Gel To Foam Cleanser 75ml,166520,Eucerin,0.0,0
Xịt Chống Nắng Dạng Phun Sương Kiểm Soát Dầu La Roche-Posay Anthelios Invisible Fresh Mist SPF 50+ UVB & UVA (75ml),375000,La Roche-Posay,4.8,44
Kem DưỡngTrắng Da Toàn Thân Body Collagen X3 Luxury 250g Mỹ Phẩm Đông Anh Chính Hãng,35000,Collagen X3,4.8,4
Sữa Rửa Mặt Nam Chiết Xuất Than Hoạt Tính Kosé Softymo Men's Facial Wash A (130 G),93000,Kosé,5.0,1
Combo 5 Bông Tẩy Trang Jomi (80 Miếng/Túi),115000,Jomi,5.0,5
Kem Dưỡng L'oreal Paris Sáng Mịn Mờ Thâm Nám Ban Ngày SPF17 Glycolic-Bright Glowing Cream Day 50ml,340000,L'ORÉAL,5.0,3
Sữa Rửa Mặt Dịu Nhẹ Cho Da Dầu CeraVe Foaming Cleanser 473ml,455000,CeraVe,5.0,126
Kem dưỡng trắng da mờ thâm ngày và đêm nice day Princess White 22g,242000,Princess White,5.0,3
Bộ đôi Kem chống nắng dạng sữa dịu nhẹ cho da nhạy cảm và trẻ em + Kem chống nắng dạng xịt dưỡng da bảo vệ hoàn hảo (Anessa Mild Milk 60ml + Gold Spray 60g),779700,ANESSA,1.0,1
Sữa rửa mặt bùn khoáng loại bỏ tế bào da chết Lá House Bio Mud Mild Facial Wash 50ml/150ml,195000,Lá House,5.0,27
Mặt Nạ Phục Hồi Cấp Ẩm Cao Cấp Smas Peptide Silk Mask,110000,SMAS,5.0,20
Kem ngăn ngừa mụn giúp trắng da làm mờ vết thâm có  chống nắng cao cấp LYNSHAO ( Hàng Chính Hãng ),95000,LYNSHAO,0.0,0
Kem LAYSMON UV/30 BEAUTY CREAM 15Gg Dưỡng Trắng Da - Giảm Thâm Mụn - Chống Lão Hóa,271600,Laysmon,4.6,14
Kem Dưỡng Da Rau Má Dưỡng Ẩm Làm Dịu Da Cho Khô Skin1004 Madagascar Centella Soothing Cream 75ml,257000,Skin1004,4.8,6
Combo Hỗ Trợ Trị Mụn Oriss - Sữa Rửa Mặt Ngừa Mụn Oriss 100g + Serum ngăn ngừa mụn Oriss 10g,237000,Oriss,4.7,74
Kem dưỡng da nhập khẩu ÚC Redwin Cream with Vitamin E 300g,119000,Redwin,4.8,49
Kem FEIYA Linh Chi Đài Loan - Làm Trắng - Chống Lão Hóa - Mờ Nếp Nhăn - Cải Thiện Da Mụn,830000,FEIYA,4.8,10
Kem Nám Ốc Sên,253000,Thorakao,5.0,14
Kem Dưỡng đa năng Embryolisse,251000,embryolisse,5.0,8
Bông Tẩy trang Miniso 0200006421 (180 miếng),29400,MINISO,5.0,40
Bộ 4 hộp bông tẩy trang Silcot (82 miếng/hộp),154000,Silcot,5.0,3
Bông Tẩy Trang Olea 140 Miếng,27900,Olea,4.5,40
Combo 5 Bông tẩy trang Ipek 130 miếng (Thổ Nhĩ Kì),149500,Ipek,4.7,36
Hộp 10 Mặt nạ dưỡng trắng - trẻ hóa da Rainbow Laffair Multi-Care V5 Whitening Vitamin 250ml,380000,Rainbow L'affair,5.0,8
Hộp 11 mặt nạ chống lão hóa - trẻ hóa da - nâng cơ mặt 3 bước Rainbow Laffair Multi-Care V5 Vitamin Skin Renewal,670000,Rainbow L'affair,5.0,1
Kem Dưỡng Làm Dịu Kích Ứng Và Phục Hồi Da La Roche-Posay Cicaplast Baume B5 (40ml),305500,La Roche-Posay,4.6,11
Kem Dưỡng Trắng Da Và Se Khít Lỗ Chân Lông Zoley 10g,185000,Zoley,4.5,48
Kem Dưỡng Trắng Da Ngừa Nám Đồi Mồi Cao Cấp KB One (VIP đỏ) 50g,860000,KBOne,4.5,40
Son Dưỡng Môi Hỗ Trợ Trị Thâm Dùng Ban Đêm Mediheal (10ml),109000,Mediheal,5.0,7
Kem dưỡng trắng da Olay Luminous Niacinamide + AHA Moisturiser (50g) - Hàng chính hãng,379000,Olay,0.0,0
Nước dưỡng cấp ẩm chuyên sâu làm sáng da belif Super Drops Vitamin C Treatment 150ml,622000,Belif,5.0,1
Son dưỡng môi Bioderma Atoderm Stick 4g,152000,BIODERMA,0.0,0
Nước Thần Dưỡng Trắng Da Cân Bằng Độ Ẩm Angel's Liquid Tone Up Whitening Program Glutathione Treatment Essence 150ml,378000,Angel's Liquid,4.5,2
"Serum Dưỡng Trắng Da, Cấp Ẩm Đa Tầng Angel's Liquid Glutathione 700mg + 5% HA 7Day Whitening Program 30ml",359000,Angel's Liquid,0.0,0
Kem chấm mụn rau má Oribe giảm mụn mờ thâm ngăn ngừa sẹo mụn 20g,144060,Dân Khang,0.0,0
Kem dưỡng ẩm cho da nhạy cảm Cetaphil Moisturizing Cream 453g,490000,Cetaphil,5.0,1
Xà phòng giặt quần áo diệt khuẩn Laundry Soad Hàn Quốc 230g,55000,Dabo,0.0,0
"Kem chống nắng nâng tông, kháng nước 365 Pretty Skin The Pure Jeju Cica 365 Mild Sun Cream",193030,Dabo,0.0,0
"Kem Dưỡng Làm Dịu Mát, Phục Hồi Da La Roche-Posay Cicaplast Baume B5 (40ml) - M3232900",28000,La Roche-Posay,5.0,1
Sữa Rửa Mặt CeraVe Renewing SA Cleanser Dành Cho Da Thường 237ml,45000,CeraVe,0.0,0
Serum Hỗ Trợ Căng Bóng Da Kyung Lab HAB5 Plus Hydra Ampoule 50ml,479000,Kyung Lab,5.0,2
Sữa Rửa Mặt Làm Sạch Sâu Kyung Lab Cleansing Gel 150ml,260930,Kyung Lab,5.0,2
MẶT NẠ DẺO TRÀ XANH PIME TEA TREE MODELING MASK HÚT VÀ KIỀM DẦU KIỂM SOÁT MỤN KHÁNG VIÊM 25G,80000,PIME,0.0,0
0134198 Bioderma Sebium Nước tẩy trang chai 500ml,365200,BIODERMA,5.0,1
Sữa Dưỡng Ẩm Dành Cho Da Khô CeraVe Moiturising Lotion 473ml,495000,CeraVe,4.7,7
Serum Men Stay Simplicity sáng da mờ thâm với Niacinamide 5% Vital Facial Skin Brightening 30ml,281060,Men Stay Simplicity,4.8,5
Kem Dưỡng Trắng Da Đẹp Liền ZALE HỒNG NGỌC TRAI 8g Hủ Lẻ,18000,Z ZaleZ ZALE,0.0,0
Kem Face Collagen X3 dưỡng Trắng da - Ngừa mụn - Nám,126000,Đông Anh,5.0,3
Kem mắt làm mờ quầng thâm nếp nhăn bọng mắt tàn nhang DERMEDEN Eye Contour Retinol 1% + Niacinamide 5% 15ml,1470000,Dermeden,5.0,1
Combo 10 Mặt Nạ Sáng Da BNBG Vita Cocktail BRIGHTENING Foil Mask 30mlx10,275080,BNBG,5.0,1
Bộ kem dưỡng làm dịu và phục hồi làn da La-Roche Posay Cicaplast Baume B5 100ml & Foaming Gel 50ml,815000,La Roche-Posay,0.0,0
Kem Chống Nắng La Roche Posay Dạng Gel Làm Sáng Da Uvidea Anthelios Tone-Up Rosy SPF50+ 30ml,535000,La Roche-Posay,5.0,1
"BIOGENIC RETINOL 0.5% FOR BEGINNER FULL SIZE – KEM DƯỠNG DA, NGỪA LÃO HÓA, GIẢM MỤN",870000,Twins Skin,4.8,5
"Sữa rửa mặt thải độc , ngăn ngừa mụn , sạch nhờn Dabo Hydration dành cho nam ( 120ml )",115000,Dabo,4.7,16
Gel rửa mặt tạo bọt làm sạch & giảm nhờn cho da dầu nhạy cảm La Roche-Posay Effaclar Purifying Foaming Gel (200ml),305500,La Roche-Posay,0.0,0
VICHY MINERAL 89 15ML,168000,VICHY,2.8,4
Kem ENYA Vàng Giảm Thâm Nám 25G - ENYA WHITENING COLLAGEN GOLD AGE-DEFYING CREAM,970000,Enya,4.8,8
Hộp 60 Miếng Mặt Nạ giảm Quầng Thâm Và Bọng Mắt BIOAQUA,45000,Bioaqua,4.7,28
Sữa Rửa Mặt Tạo Bọt Trắng Da Eucerin Utra White Spotless (150g),499000,Eucerin,4.8,55
Serum Trắng Da  Mẹ Ken,223100,MẸ KEN,0.0,0
 La Roche-Posay Tinh Chất Phục Hồi Giúp Da Săn Chắc Hyalu B5 Serum 30ml,765000,La Roche-Posay,3.5,4
[ Tặng 2 miếng ] Set 10 Mặt nạ dưỡng da tinh chất ngọc trai Dermal,154000,Dermal,4.7,3
Sữa rửa mặt dạng bùn Trà tràm – Naruko Tea Tree Purifying Clay Mask and Cleanser in 1 (120g),270630,Naruko,4.7,205
Nước tẩy trang Byphase 500ml,105000,Byphasse,5.0,1
 Mặt Nạ Trà Xanh Benew Natural Herb Mask Green Tea COMBO 10 LÁ (Hộp 10 Miếng x 22ml),119000,My Gold,4.5,5
Sữa Rửa Mặt Tẩy Tế Bào Chết SVR Sebiaclear Gel Moussant Tuýp 200ml - SGM,349000,SVR,5.0,33
Nước Xịt Khoáng Dưỡng Da Vichy 150ml - 100829485,318000,VICHY,5.0,10
Gel Giảm Mụn Tràm Trà Vedette 18g,88000,Vedette,4.7,106
"Sữa Rửa Mặt Sáng Da, Ngừa Mụn Tràm Trà Vedette 100ml",120000,Vedette,4.7,89
NƯỚC TẨY TRANG CAO CẤP - DABO GLUTATHIONE CLEANSING WATER 500ML,266750,Dabo,0.0,0
Kem Dưỡng Ẩm Bioderma Sensibio 40ml,362500,BIODERMA,4.0,1
[Mẫu Mới] Sữa Rửa Mặt Vichy Normaderm Phytosolution Dạng Gel Làm Sạch Sâu Da Dầu Mụn 50ml,145000,VICHY,0.0,0
Nước Sữa Tẩy Trang 2 lớp Senka A.L.L. Clear Milky Water 230ml,89000,Senka,5.0,1
[MUA 2 TẶNG 1] LULULUN - Mặt nạ dưỡng ẩm chống lão hóa cho người trên 45 tuổi LULULUN Over45 Mask,193030,LuLuLun,0.0,0
"Kem nghệ đa năng Mulrose 30g Dưỡng da, giảm mụn, mờ thâm, se khít lỗ chân lông, chàm sữa, hăm, bị bỏng, vết thương hở.. Mul Rose [Chính Hãng]",193030,MULROSE,5.0,2
Kem chống nắng cho nam 3 trong 1 bảo vệ vượt trội SPF 50 PA++++ Men Stay Simplicity Invisible Sunscreen 80ml,379000,Men Stay Simplicity,0.0,0
Tinh Chất Phục Hồi Chuyên Sâu Độ Ẩm & Lành Tổn Thương Zakka Naturals Kintsugi Peptides Ultra Recovery Ampoule 30ml,570000,Zakka Naturals,0.0,0
Nước tẩy trang cho da dầu và mụn Garnier Skin Naturals Micellar Cleansing Water (Chai 400ml),135320,Garnier,5.0,1
Kem chống nắng FITO COSMETIC SAN SCREEN SPF-50 75ml,85000,Fito,0.0,0
Tinh chất hoa hồng cocoon 30ml (rose serum) thuần chay,257000,The Cocoon Original Vietnam,0.0,0
[MAYBELLINE NEW YORK] Nước Tẩy Trang Mắt Và Môi Chuyên Dụng 2 Lớp Eye & Lip Makeup Remover 150/40ML,59000,Maybelline,0.0,0
Bộ 3 Sản Phẩm Dưỡng Da Giảm Mụn Skin1004 Madagascar Centella (Sữa rửa mặt 125ml + Serum 55ml hoặc 100ml + Kem Soothing 75ml),820000,Skin1004,0.0,0
Bộ đôi dưỡng ẩm và bảo vệ da trước ánh nắng Sắc Ngọc Khang: Nước hoa hồng 145ml + Kem chống nắng 50g,253000,Sắc Ngọc Khang,5.0,5
Kem Mặt Nạ Lột Nhẹ Trứng Gà Sữa Tube 100g,59000,Lana,4.8,4
Kem chống nắng NoTS UV Protection Sun Cream SPF50+ PA+++ 70g Double Set,960000,Nots,0.0,0
COMBO KEM NGỪA MỤN - TRẮNG DA - NGỪA VẾT THÂM 25g & SỮA RỬA MẶT NGỪA MỤN - TRẮNG DA 70g OLY HT (HÀNG CHÍNH HÃNG) CÓ CHỐNG NẮNG,231830,OLY HT,5.0,1
Bộ dưỡng tái sinh da OHUI The First Geniture 5pcs set,393000,OHUI,4.8,16
Sữa Rửa Mặt Dịu Nhẹ Cetaphil Gentle Skin Cleanser 500ml,355000,Cetaphil,4.6,49
Kem chống lão hóa Vichy Liftactiv Collagen Specialist 15ml,94550,VICHY,4.5,18
Kem HOLY CARE Mụn Hồng 20g - Giảm Mụn - Mờ Thâm - Giảm Tác Nhân Gây Mụn,306252,HOLY CARE,4.0,3
Sữa Rửa Mặt Dạng Gel COSRX Low pH Good Morning Gel Cleanser 150ml. Tặng Gel Móc Khóa 30ml,179000,COSRX,4.6,63
Sữa rửa mặt tẩy tế bào da chết ngừa mụn St.Ives 170g,145000,St.Ives,4.0,4
Sữa rửa mặt chống ô nhiễm Rejuvaskin Anti-Pollution Facial Cleanser 60ml,340000,Rejuvaskin,5.0,3
"Combo 6 mặt nạ dưỡng trắng, cấp ẩm, săn chắc da Rainbow L'affair V5 Vitamin - 3step mask (6 miếng x 25ml)",282000,Rainbow L'affair,0.0,0
Sữa Rửa Mặt Chiết Xuất Từ Trà Xanh Farmstay Green Tea Seed Pure Cleansing Foam (180ml),227950,Farmstay,5.0,1
"Sữa rửa mặt Thảo Dược Sắc Ngọc Khang 100g không gây khô da, Sạch Mịn, Sáng Da, Mờ Nám Sạm",69000,Sắc Ngọc Khang,4.5,63
Mặt nạ đất sét bùn non Sạch Sâu Dịu Nhẹ Vedette hũ 145g,125000,Vedette,4.8,107
Kem dưỡng da Nhật Bản cao cấp Collagen ngăn ngừa lão hóa Naris Cosmetic Uruoi-Ya Collagen Moisturizing Cream 48g – Hàn Chính Hãng,575000,Naris Cosmetic,4.7,6
Nước cân bằng giàu khoáng dành cho da dầu La Roche Posay Effaclar Astringent Lotion 200ml ,399000,La Roche-Posay,4.8,17
Sữa rửa mặt ngăn ngừa mụn St.Ives Trà xanh 170g,125000,St.Ives,4.7,10
Sữa rửa mặt cho da dầu Benew Charcoal Than hoạt tính (100ml),72000,Benew,5.0,1
Omar Sharif Paris - Anti Trouble Tonique - Nước Hoa hồng làm mịn và mềm da,565000,Omar Sharif Paris,0.0,0
Omar Sharif Paris - Anti Troulbe Plus Serum- Tinh chất mềm da tăng sức đề kháng (45ml),605000,Omar Sharif Paris,0.0,0
Omar Sharif Paris- Anti Trouble Plus Emulsion - Sữa dưỡng ẩm da,565000,Omar Sharif Paris,0.0,0
"Kem thải độc tố loại bỏ nám, mụn Queenie Collagen",340000,Queenie,5.0,4
Bộ 10 gói mặt nạ dưỡng ẩm da chiết xuất nha đam 3W Clinic Fresh Aloe Mask Sheet 23ml X 10,65000,3W Clinic,4.7,3
Bộ 2 Hộp Silcot Bông Trang Điểm (bông tẩy trang) Nhật Bản Cao Cấp (66 Miếng/Hộp),83000,Silcot,4.8,396
"Kem Dưỡng Làm Dịu Mát, Phục Hồi Da La Roche-Posay Cicaplast Baume B5 (40ml) - M3232900",385000,La Roche-Posay,0.0,0
Kem Dưỡng Môi Phục Hồi Độ Ẩm & Bảo Vệ Môi La Roche-Posay Cicaplast Lips (7.5ml),305500,La Roche-Posay,4.7,9
Tinh chất dưỡng da Olay Regenerist Micro Sculpting Serum (50ml) - Hàng chính hãng,379000,Olay,5.0,1
"Kem massage mặt Pime Collagen Massage Cream hỗ trợ tăng đàn hồi da, dưỡng ẩm phục hồi chuyên dụng tại Spa 1000g",1145000,PIME,0.0,0
"Combo Bao Bông Tẩy Trang Tròn PUFFME, 80 Miếng/Bao",76500,Puffme,0.0,0
Tinh chất bí đao N15 với 15% Niacinamide giảm bóng nhờn và giảm mụn Cocoon 70ml,430000,The Cocoon Original Vietnam,0.0,0
Mặt Nạ Phục Hồi Tế Bào Gốc SenaDemar Sodium DNA B5 Mask 25ml,17000,HISTOLAB,0.0,0
Bông tẩy trang cotton tự nhiên La Mer,80000,HISTOLAB,0.0,0
"Kem dưỡng Retinol Skin Brightener 1% 50ml - Kem dưỡng sáng da, bảo vệ da, chống oxy hóa",4320000,HISTOLAB,0.0,0
"Serum B5 ButiQ phục hồi, cấp ẩm căng bóng da, làm sáng mịn da Hàn Quốc",870000,HISTOLAB,0.0,0
Miếng dán mụn ACNES Clear Patch (Hộp 24 miếng),51200,Acnes,0.0,0
Serum Face Đông Trùng Hạ Thảo Collagen X3 Mỹ Phẩm Đông Anh Chính Hãng 15ml Serum Dưỡng Ẩm Giảm Mụn Làm Trắng Da,125000,Collagen X3,4.0,1
Bộ Dưỡng Trắng Da Tế Bào Gốc Hàn Quốc Cấp Ẩm Kiềm Dầu Xóa Nhăn Phục Hồi Trẻ Hoá Da Và Chống Lão Hoá Cellkey-Scien (210ml),1940000,CELLKEY-SCIEN,5.0,1
Gel Lột Mụn OKESHOP 30ml - Giải Pháp Loại Bỏ Mụn Đầu Đen - Mụn Cám - Bạ Nhờn - Làm Sạch Sâu Và Thu Nhỏ Lỗ Chân Lông,69000,Deep Fresh,0.0,0
" Tế Bào Gốc Phục Hồi, Chống Lão Hóa Dr Pluscell 6GF Exosome Ampoule",430000,Eleven huesday,0.0,0
Sữa Rửa Mặt Dưỡng Ẩm Ngăn Ngừa Lão Hóa Da Kosé Softymo Cleansing Foam Hyaluronic Acid (190 G),89000,Kosé,0.0,0
"TINH CHẤT RETIN-OIL PEEL 5ML CĂNG BÓNG, TRẺ HÓA, TRẮNG SÁNG DA",500000,Ekseption ,0.0,0
Nước Tẩy Trang La Roche-Posay Dành Cho Da Nhạy Cảm 400ml Micellar Water Ultra Sensitive Skin 400ml,430000,La Roche-Posay,0.0,0
Kem Dưỡng Hỗ Trợ Phục Hồi Và Tái Tạo Da Histolab K Cream 50ml,559000,HISTOLAB,4.5,2
Kem Lột Dưa Leo Tươi LANA Tube 80g,49000,Lana,5.0,2
"Sữa Rửa Mặt Sạch Mụn PERFECT FOAMING 120ml, Làm Sạch Sâu, Có Đầu Cọ Massage Tạo Bọt, Trắng Hồng, Đào Thải Độc Tố",99000,QUYÊN LARA Natural product Spa Health club,4.5,2
Kem Bôi Sẹo DottorPrimo Scargel Plus Giúp Dưỡng Da Mịn Màng Đều Màu 10ml / 20ml,472000,DottorPrimo,4.0,1
KEM CHỐNG NẮNG HATOMUGI SPF50+ PA++++ DƯỠNG ẨM VÀ LÀM SÁNG DA (TUÝP 80G),109000,Hatomugi,5.0,3
"Sữa Rửa Mặt dịu nhẹ 2 in 1 Pime Cleansing Foam sạch cực sâu, tạo bọt mịn 150g",468800,PIME,0.0,0
Hộp 10 Miếng Mặt Nạ Ngọc Trai Dưỡng Ẩm Trắng Da Ngăn Ngừa Lão Hóa Phục Hồi Da Dewytree Skin Derma Brightening Mask 230g,315000,DEWYTREE,0.0,0
Mặt nạ trắng da Skinavis Brightening Mask - Hộp 10 miếng,430000,SKINAVIS,0.0,0
Tinh Chất Thay Da Sinh Học NeoStrata ProSystem Retinol Peel TẶNG MẶT NẠ PHỤC HỒI BUTIQ LAB HÀN QUỐC,625000,Neostrata,0.0,0
"Tẩy da chết hoá học 8% AHA làm sạch sâu, giảm thâm, chống lão hóa NeoStrata Oily Skin Solution-100ml TẶNG MẶT NẠ MỠ NGỰA BUTIQ LAB HÀN QUỐC ( HÀNG CÔNG TY NHẬP KHẨU CHÍNH NGẠCH )",760000,Neostrata,0.0,0
Bộ đôi trong uống - ngoài thoa Sắc Ngọc Khang: Sắc Ngọc Khang ++ (60 viên) + Kem dưỡng da ban đêm 10g,588480,Sắc Ngọc Khang,5.0,1
Sữa rửa mặt Hatomugi hạt ý dĩ,45000,Hatomugi,4.7,49
Serum sáng da cấp ẩm Goodndoc Hydra B5 Serum 30ml,410000,GoodnDoc,5.0,1
Serum HA dưỡng ẩm cấp nước cho mọi loại da Butiqlab Hyaluronic Serum 100ml,820000,BUTIQLAB,4.7,3
Sữa Rửa Mặt ST.IVES Tẩy Da Chết Chiết Xuất Yến Mạch 170g USA,145000,St.Ives,4.7,27
Kem Chống Nắng CELLIO Sun Cream Spf50,79000,cellio,4.6,29
Bộ gel rửa mặt bí đao cocoon 140ml + Toner nước cân băng da bí đao cocoon 140ml,281060,The Cocoon Original Vietnam,0.0,0
Kem dưỡng ẩm chống nắng ban ngày dạng gel Hada Labo Koi-Gokujyun UV White Gel SPF50+ PA++++ 90g,284924,Hada Labo,4.6,256
Bộ 10 đắp mặt nạ dưỡng da chiết xuất collagen hàn quốc benew ( 22ml/ gói),165000,Benew,4.1,15
Mặt Nạ Vàng 3W Clinic Collagen Luxury Gold Peel Off Pack 100g,139000,3W Clinic,5.0,10
Omar Sharif Paris - Anti Trouble Plus Cream - Kem Dưỡng Đêm chống Lão Hóa,605000,Omar Sharif Paris,0.0,0
Naruko Ý Dĩ Nhân Đỏ - Hộp 10 Miếng Mặt Nạ Se Khít Lỗ Chân Lông RJT Pore Minimizing And Brightening Mask (25ml / Miếng),349000,Naruko,4.8,32
Naruko Bạch Ngọc Lan - Hộp 10 Miếng Mặt Nạ Dưỡng Trắng Taiwan Magnolia Brightening And Firming Mask Ex (30ml / Miếng) ,349000,Naruko,4.8,18
"Tinh Dầu Ngăn Ngừa Và  Làm Giảm Mụn Viêm, Sưng Tấy Naruko Trà Tràm Tea Tree Purifying Essential Oil (10ml)",309260,Naruko,4.5,8
Tinh Chất Tự Sinh Chống Lão Hóa Whoo Bichup Ultimate Recovery Youth Serum 50ml,2210000,the history of whoo,0.0,0
Naruko – Bạch ngọc lan mới – Mặt nạ nâng cơ và cấp ẩm làm săn chắc da hộp 8 miếng – Taiwan Magnolia Up & Firm Hydra,339000,Naruko,0.0,0
Kem Dưỡng Ẩm Da NIVEA Crème (30 ml) - 80101,51000,Nivea,0.0,0
Kem Chống Nắng Cấp Ẩm Dịu Da Cell Fusion C Aquatica Sunscreen 100 SPF 50+/PA,265880,Cell Fusion C,0.0,0
Thạch hoa hồng dưỡng ẩm Cocoon 30ml,166520,The Cocoon Original Vietnam,5.0,1
Nước nghệ Hưng Yên Cocoon 310ml,230690,The Cocoon Original Vietnam,5.0,1
Nước bí đao cân bằng da Cocoon 310ml,230690,The Cocoon Original Vietnam,5.0,1
Bộ sữa chống nắng dưỡng da kiềm dầu bảo vệ hoàn hảo SPF50+ PA++++ 60ml và Serum dưỡng da và phục hồi da sau nắng 180ml Anessa,889640,ANESSA,5.0,1
"Kem Rửa Mặt ACNES Vitamin Làm Sáng Da, Mờ Sẹo và Thâm (Tuýp 100g)",63750,Acnes,0.0,0
Mặt nạ đất sét Compliment No Problem Face Mask 80ml sạch da giảm mụn,85000,COMPLIMENT,0.0,0
Kem Rửa Mặt Dưỡng Ẩm Tối Ưu Hada Labo Advanced Nourish Hyaluron Cleanser (15g),19000,Hada Labo,0.0,0
Kem chống nắng dạng gel dưỡng sáng nâng tông & hiệu chỉnh sắc da Anessa Brightening UV Sunscreen Gel SPF50+ PA++++ 90g,82000,ANESSA,5.0,3
1 Miếng Mặt Nạ Giấy Banobagi Stem Cell Vitamin Mask 30g,16000,Banobagi,5.0,2
Tinh Chất Serum Dưỡng Trắng Da Phục Hồi Pretty Skin Hàn Quốc The Pure Jeju Tangerine Vita C Cấp ẩm chuyên sâu,379000,Dabo,0.0,0
Serum Ngăn Ngừa Lão Hóa Pond'S Age Miracle Double Action (30ml),231840,Pond's,0.0,0
Tinh chất giúp cải thiện & ngăn ngừa thâm nám đốm nâu Vichy Liftactiv B3 dark spots 30ml,1045000,VICHY,5.0,2
"Combo 2 Nước hoa hồng Dear, Klairs Supple Preparation Unscented Toner 180ml",824182,"Dear, Klairs",0.0,0
Kem Dưỡng Phục Hồi Đa Công Dụng Và Làm Dịu Da La Roche-Posay Cicaplast Baume B5+ 100ml,669000,La Roche-Posay,5.0,7
Gel Rửa Mặt Oxy Acne Prevent 100g,68000,OXY,5.0,15
Toner giảm mụn dịu da Acnes Blemish Control Toner 100ml,72000,Acnes,4.8,23
Obagi Retinol 1.0 (28g),1104000,OBAGI,1.0,1
Gel Rửa Mặt Dịu Nhẹ và Cấp Ẩm Sâu - Emmié by Happy Skin Soothing & Hydrating Derma Cleansing Gel 180ml,202400,Emmié by Happy Skin,0.0,0
Lip Smacer - Set Son Hương Trái Cây 6 Vị Truyền Thống Vỉ Nhôm - Lip Smacker Fruity Strawberry,169000,LIP SMACKER,5.0,7
Nước Tẩy Trang Bí Đao Cocoon 500ml,193030,The Cocoon Original Vietnam,5.0,23
Kem dưỡng ẩm dạng gel Hada Labo Koi-Gokujyun Perfect Gel 100g,249090,Hada Labo,4.7,69
" Kem Dưỡng Phục Hồi, Làm Dịu Da La Roche Posay Cicaplast Baume B5 (100ml)",539000,La Roche-Posay,5.0,133
Kem Dưỡng Phục Hồi Embryolisse Lait-Crème Concentré 75ml,409000,embryolisse,4.7,9
Bộ sản phẩm chuyên biệt dành cho da dầu mụn La Roche Posay,680500,La Roche-Posay,5.0,7
Bộ sản phẩm dành cho da dầu La Roche-Posay,543500,La Roche-Posay,0.0,0
Tinh chất chống nắng bảo vệ da khỏi bụi mịn và ô nhiễm môi trường d program Allerdefense Essense 40ml,425400,d program,5.0,1
Nước Tẩy Trang NIVEA Pearl Radiant Sáng Da | Sạch Sâu (200 ml) - 84911,98000,Nivea,4.7,7
Kem chống nắng dạng sữa dưỡng da kiềm dầu bảo vệ hoàn hảo Anessa Perfect UV Sunscreen Skincare Milk SPF 50+ PA++++ 60ml,455000,ANESSA,5.0,3
Kem Dưỡng Phục Hồi Da Tổn Thương Bioderma Cicabio Crème - 40ml,365000,BIODERMA,4.5,2
Tẩy Da Chết Cà phê Đăk Lăk Cocoon 200ml,87500,The Cocoon Original Vietnam,4.8,526
Kem Nghệ Leyna Thorakao (25g),46000,Thorakao,4.5,13
Tinh chất thu nhỏ lỗ chân lông Paula's Choice 10% Niacinamide Booster 20ml,1320000,Paula's Choice,4.0,3
"Kem chống nắng Skin Aqua dưỡng trắng & dưỡng ẩm, dùng hàng ngày dạng gel Sunplay Skin Aqua Silky White Gel Eco Việt Nam SPF 50, PA++++ 30g",89000,Sunplay,4.7,174
Dưỡng Chất Khoáng Cô Đặc Phục Hồi Và Bảo Vệ Da Vichy Mineral 89 - 100871693 (50ml),769999,VICHY,4.8,38
"Kem Phục Hồi Da, Làm Lành Sẹo Và Chống Nhiễm Khuẩn Avène Cicalfate Restorative Skin Cream A1ACR1 (40ml)",310199,Avène,4.8,29
Kem Chống Nắng Không Gây Nhờn Rít Không Màu SPF50  Vichy Capital Soleil SPF50 Face Dry Touch (50ml) -100516689,445000,VICHY,4.5,17
Bộ Sản Phẩm Chống Lão Hóa Thê Hệ Thứ 4 Whoo Bichup Royal Anti - Aging Duo Special Set,2468000,the history of whoo,0.0,0
Sữa rửa mặt cho bé tuổi dậy thì Pororo Pure Foam Cleanser Hàn Quốc 120g,208550,Doori,0.0,0
Kem Rửa Mặt Nam OXY DeepWash Tác Động Sâu 100g,84000,OXY,0.0,0
"Tinh Chất Dưỡng Trắng, Cải Thiện Sạm Nám Cell Fusion C Toning C Dark Spot Serum",197800,Cell Fusion C,5.0,1
Bộ Dưỡng Ẩm Chống Lão Hóa Whoo Vàng Gongjinhyang 2pcs,1770000,the history of whoo,0.0,0
Sữa rửa mặt làm sáng da KANKITSU OHJI Melano Search Vita C Facial Wash,242000,Kankitsu Ohji,0.0,0
Bộ Trị Nám Aithan Melasma And Whitening (Set 4 Món),576000,HISTOLAB,0.0,0
Kem dưỡng ẩm cấp nước su:m37 Water-full Marine Relief Gel Cream 50ml,1288000,SU:M37,0.0,0
"Kem dưỡng Compliment cấp ẩm, sáng da, chống lão hóa cho mọi loại da 50ml",105000,COMPLIMENT,0.0,0
"Lotion Dưỡng Trắng Cao Cấp - Cải Thiện Thâm Nám, Tàn Nhang Hada Labo Shirojyun Premium Whitening Lotion (170ml)",242972,Hada Labo,0.0,0
Kem dưỡng trắng da Hoa Thiên - giải pháp từ thiên nhiên cho làn da trắng sáng mịn màng và rạng rỡ 30g,193030,Hoa Thiên,5.0,3
Sữa Rửa Mặt Và Tẩy Trang Tạo Bọt Dưỡng Trắng Da Softymo Kosé (Tuýp 190g),102000,Softymo,5.0,1
Kem dưỡng ẩm và cung cấp nước dạng gel Vichy Aqualia Thermal Cream-Gel 50ml,910000,VICHY,5.0,2
Tinh chất giảm mụn giảm thâm và tái tạo da  3 tác động La Roche-Posay Effaclar Serum 30ml,330000,La Roche-Posay,3.0,2
"Serum chống nắng ngăn sạm, nám da Skin Aqua Nexta Shield Serum UV Essence SPF50+ PA++++ 50g ( dạng sữa)",253000,Nexta,5.0,3
Khăn mặt khô đa năng Ecowipes cuộn 80 tờ size khăn 20x20cm dùng 1 lần lau khô lau ướt giấy lau mặt dùng một lần,22000,Ecowipes,4.8,6
"Nước hoa hồng Dear, Klairs Supple Preparation Unscented Toner 180ml",407091,"Dear, Klairs",4.8,20
"Nước hoa hồng Dear, Klairs Supple Preparation Facial Toner 180ml",407091,"Dear, Klairs",4.5,6
Toner Acid Làm Sạch Dermarium Rough Addiction 8% Glycolic & Lactic Acid,150000,Dermarium,5.0,9
"Bộ sản phẩm dưỡng da LÁ HOUSE gồm Toner All Natural,Bông tẩy trang",460000,Lá House,0.0,0
Kem dưỡng phục hồi đa công dụng và làm dịu da La Roche-Posay Cicaplast Baume B5+ 40ml,286150,La Roche-Posay,0.0,0
Bộ 2 Sản Phẩm Nước Hoa Hồng và Tinh Chất Dưỡng Da Rau Má Skin1004 Madagascar Centella Gồm Toner  Và Ampoule,580800,Skin1004,0.0,0
KEM CHỐNG NẮNG LINDSAY,469000,LINDSAY,5.0,1
Gel chống nắng dưỡng da trắng mịn Sunplay Skin Aqua Silky White Gel Limited Edition SPF 50+ PA++++ (30g),92000,Sunplay,4.8,110
Obagi Retinol 0.5 (28g),1589000,OBAGI,0.0,0
Kem Sữa Rửa Mặt Ngừa Mụn VERLANE 80g,53000,Lana,4.7,3
Bộ đôi Kem chống nắng dạng sữa dịu nhẹ cho da nhạy cảm và trẻ em + Kem chống nắng dạng gel dịu nhẹ cho da nhạy cảm và trẻ em (Anessa Mild Milk 60ml + Mild Gel 90g),865000,ANESSA,0.0,0
"Gel dưỡng ẩm ngừa mụn, giảm thâm The Auragins Skin Rescue Brightening Gel Cream 100ml",265346,THE AURAGINS,4.8,4
Tinh chất giảm thâm nám và dưỡng sáng da Eucerin Spotless Brightening Booster Serum,1469000,Eucerin,5.0,17
Kem chống nắng dạng gel dịu nhẹ cho da nhạy cảm và trẻ em Anessa Moisture UV Sunscreen Mild Gel For Sensitive Skin SPF 35+ PA++++ 90g,375000,ANESSA,0.0,0
Kem dưỡng trắng OHUI Extreme White Cream 50ml,1282000,OHUI,5.0,2
Kem dưỡng trắng dạng gel Hada Labo Koi-Gokujyun Whitening Perfect Gel 100g,278806,Hada Labo,4.5,122
MẶT NẠ DƯỠNG DA 10 TÁC DỤNG DƯỠNG ẨM QUEENIE - MỸ PHẨM HÀN QUỐC,281300,Queenie,0.0,0
"KEM DƯỠNG TRẮNG DA XÓA MỜ SẠM NÁM, TÀN NHANG BỔ SUNG COLLAGEN 50ML - MỸ PHẨM HÀN QUỐC",379000,Queenie,3.8,5
Sữa Rửa Mặt Tạo Bọt NIVEA Chiết Xuất Hoa Hồng Hokkaido (100ml) - 84984,88000,Nivea,5.0,1
Kem Chống Nắng Không Gây Nhờn Rít Vichy Ideal Soleil Dry Touch 50Ml 100986474,445000,VICHY,5.0,15
Tinh Chất Tế Bào Gốc Tái Tạo Phục Hồi Trẻ Hoá Da Cấp Ẩm Dưỡng Trắng Chống Lão Hoá Cellkey-Scien White Serum 30ml,684000,CELLKEY-SCIEN,4.7,45
Kem dưỡng trắng da ban đêm Eucerin UltraWHITE+ SPOTLESS Night (50ml),929000,Eucerin,4.7,74
Bộ Sản Phẩm Chăm Sóc Mụn Sưng Viêm La Roche-Posay Effaclar A.I. 15ml ,604000,La Roche-Posay,5.0,1
Sáp Dưỡng Môi Mềm Mịn Vaseline Lip Therapy Original (7g) - 305210206779,85500,Vaseline,0.0,0
Mặt Nạ BANOBAGI Vita Genic Jelly Mask Whitening (Vàng) (Hộp 10 miếng),184800,Banobagi,0.0,0
Sữa Rửa Mặt 3 in 1 100ml Sắc Tiên Today,56000,Sắc Tiên Today,0.0,0
Nước hoa hồng Dermarium Fairy Water (55ml/150ml) - Hàng chính hãng,140000,Dermarium,0.0,0
Bộ Tinh Chất Hoàn Lưu Cao Whoo Hwanyu Imperial Youth Recovery Serum Special Set,8810000,the history of whoo,0.0,0
Sữa Rửa Mặt Rosette Làm Giảm Mụn Face Wash Pasta Acne Clear 120G,122544,Rosette,5.0,1
Siêu Tinh Chất Giảm Thâm Nám Chuyên Biệt Angel's Liquid Tranexamic Mela Zero Ampoule 30ml,570000,Angel's Liquid,5.0,5
"[Hàng Chính Hãng] KemChống nắng UV Sunscreen ,Nâng Tone,Không Trôi ,Chống Ánh Sáng Xanh",360000,DC,0.0,0
"Serum Red Peel Compliment AHA 30% + BHA 2% cải thiện làn da, se khít chân lông 27ml",120000,COMPLIMENT,0.0,0
Mặt Nạ Keana Giảm Mụn Thu Nhỏ Lỗ Chân Lông Tightening Mask 10 Miếng,162500,Keana,0.0,0
10 gói Tinh Chất Chống Lão Hóa Whoo Cheonyuldan Ultimate Regenerative Essence 1ml/gói,119000,the history of whoo,4.0,1
Kem chống nắng SẮC NGỌC KHANG 50G chống nắng phổ rộng với 6 màng lọc Filter,177000,Sắc Ngọc Khang,5.0,3
Bộ Dưỡng Trẻ Hóa Da Whoo Hoàn Lưu Cao Whoo Hwanyu Mini 3sp,740000,the history of whoo,0.0,0
Dermarium Tricky Duet - 2% Salicylic Acid tẩy da chết lỗ chân lông,203700,Dermarium,5.0,67
0133427 Tẩy Tế Bào Chết FARMSTAY Collagen AHA.BHA.PHA 7g,10000,Farmstay,0.0,0
[LA ROCHE-POSAY] Sữa Chống Nắng Ngăn Ngừa Tia UV Dài & Bảo Vệ Làn Da Tối Ưu Anthelios UV Mune 400 SPF 50+ 50/3ml,38000,La Roche-Posay,5.0,1
Sữa dưỡng ẩm chuyên sâu chống mất nước da mặt Moist Barrier Balancing Emulsion M4 (200ml) từ Dermafirm,1860000,Dermafirm,0.0,0
"Tế bào gốc trị nám, tàng nhang DNA Whitening Ampoule",576000,Larian+,0.0,0
Xịt khoáng nghệ Hưng Yên Cocoon giúp sáng da căng mịn Cocoon 130ml,165000,The Cocoon Original Vietnam,0.0,0
Serum chống nắng dưỡng da nâng tông Anessa Day Serum SPF50+ PA++++ 30ml,739000,ANESSA,0.0,0
Xịt chống muỗi hương hoa oải hương Remos Lavender (60ml),35700,Remos,5.0,4
Gel làm mờ sẹo Pharmacity Scar Gel (5g),119000,Pharmacity,5.0,1
Bộ 4 Sản Phẩm Dưỡng Da Giảm Mụn Skin1004 Madagascar Centella (Cleansing Foam 125ml + Toner 210ml + Serum 100ml+ Cream Soothing 75ml) - JESS SHOP COSMETICS,1165000,Skin1004,0.0,0
Kem Chống Nắng Easydew Ex Phục Hồi Dành Cho Mọi Loại Da UV Control Ultra Shield Sun Cream SPF50+ 50ml,960000,EASYDEW EX,5.0,5
 Nước Xịt Khoáng Dưỡng Da Avene Thermal Spring Water 300ml (Tặng băng đô mèo xinh xắn màu sắc ngẫu nhiên),282000,Eau Thermale Avene,4.6,19
Kem giảm ngứa La Roche-Posay Lipikar Baume AP+ M (75ml),328000,La Roche-Posay,4.8,52
Kem Dưỡng Ẩm Mịn Mượt Căng Sáng Da OHUI Miracle Moisture Cream 60ml,1071000,OHUI,5.0,3
Kem chống nắng dạng sữa lỏng nhẹ không nhờn rít La Roche-Posay Anthelios Shaka Fluid SPF 50+ 50ml tặng kèm băng đô mèo xinh xắn,399000,La Roche-Posay,4.3,6
Set Dưỡng Chất Khoáng Cô Đặc Giúp Phục Hồi Và Bảo Vệ Da Vichy Minéral 89 50ml + 10ml,722640,VICHY,4.8,4
Bộ kem dưỡng làm dịu mát và phục hồi làn da La Roche Posay Cicaplast Baume B5 Soothing Repairing Balm,345000,La Roche-Posay,5.0,3
Sữa Rửa Mặt Dr Hương Thanh Mộc Hương,170000,Thanh Mộc Hương,4.6,14
Nước hoa hồng cấp nước Su:m37 Water-full Refresh Toner 170ml,892000,SU:M37,5.0,8
"Kem Dưỡng Reihaku Hatomugi Cải Thiện Làn Da khô, thâm, mụn 300g",135000,Hatomugi,5.0,4
Vichy Kem Chống Nắng Ngăn Sạm Da & Giảm Thâm Nám Chống Tia UVA & UVB Ideal Soleil Anti Dark Spot SPF50 50ml,460000,VICHY,4.3,6
Nước tẩy trang LOREAL MICELLAR WATER MOISTURIZING EVEN FOR SENSITIVE SKIN 95ML ,65000,L'ORÉAL,0.0,0
Kem dưỡng chống thâm vùng mắt Nhật Bản Naris Wrinkle Plus Alpha Eye Zone Bright (20g) – Hàng chính hãng,345000,Naris Cosmetic,5.0,6
Kem Trị Nám Tàn Nhang Melaban – Hàng Chính Hãng,1079000,MEDITIME,0.0,0
Kem Dưỡng Da Mặt Eucerin AtoControl Face Care Cream (50 ml),403000,Eucerin,4.7,7
Kem Trắng Da Yanhee Whitening Cream (20g),190000,Yanhee,4.5,4
Hộp 8 Miếng Mặt Nạ Kiểm Soát Dầu Và Mụn Naruko Tràm Trà (Bản Đài) - Tea Tree Shine Control And Blemish Clear Mask,299860,Naruko,5.0,115
Bộ 3 Sản Phẩm Dưỡng Da Ohui Whoo Mini Hoàn Lưu Cao,620000,OHUI,4.8,4
Serum nám dưỡng trắng mờ thâm 13ml Sắc Tiên Today,96000,Sắc Tiên Today,0.0,0
Kem dưỡng da Dermarium Rescuer (50ml) - Hàng chính hãng,535000,Dermarium,0.0,0
[Qùa tặng] Sữa rửa mặt kiểm soát nhờn ngăn ngừa mụn dạng gel Acnes Oil Control Cleanser 50g,40000,Acnes,0.0,0
Sữa Rửa Mặt Tẩy Trang 2IN1 Thorakao Nha Đam 140G,101000,Thorakao,0.0,0
"Toner Compliment 10% axit glycolic và lô hội, làm sáng da, chống lão hóa 200ml",110000,COMPLIMENT,0.0,0
Kem dưỡng ẩm cho da khô Belif The True Cream Moisturizing Bomb 50ml,747000,Belif,5.0,1
"Combo 10 Mặt Nạ BNBG Tràm Trà Thải Độc Da, Giảm Mụn Vita Tea Tree Healing Face Mask Pack 30ml x10",211600,BNBG,5.0,1
Sữa rửa mặt dạng gel rửa mặt cà phê Đắk Lắk Cocoon 140ml,147108,The Cocoon Original Vietnam,5.0,1
"Fragmyx Oxyx – Huyết thanh làm sáng, tái tạo da và ngăn lão hóa",1520000,HISTOLAB,0.0,0
Sửa rửa mặt COSRX Salicylic Acid Daily Gentle Cleanser,242000,COSRX,0.0,0
Tẩy Tế Bào Da Chết Natureine Aqua Peel Moisture Peeling Gel - Nhật Bản,355000,Natureine,5.0,4
Sữa rửa mặt CeraVe dành cho da thường và da dầu CeraVe Foaming Facial Cleanser 473ml,465000,CeraVe,5.0,1
Sữa Chống Nắng Anessa Cho Da Nhạy Cảm Perfect UV Mild Milk SPF50+/PA++++ 60ml,469000,ANESSA,5.0,4
20 viên mặt nạ nén than tre Beyaki,23500,Beyaki,5.0,1
Kem Ngừa Nám Tàn Nhang Đồi Mồi Trắng Da & Chống Nắng OLY HT CHÍNH HÃNG 12g & 25g LPK,65000,OLY HT,5.0,1
Naruko – Ý dĩ nhân đỏ sáng da mới – Mặt nạ se trắng sáng da hộp 10 miếng – Raw Job’s Tears Brightening Mask,222130,Naruko,5.0,1
Set mini Serum dưỡng da Lancome Advanced Geifique 10ml + Kem Mắt 5ml,365000,lancome,5.0,1
Serum cấp ẩm phục hồi da PRETASA B5 Hyaluronic - Hàng Chính Hãng,760000,PRETASA,5.0,3
Bộ đôi Kem chống nắng dạng sữa dưỡng da kiềm dầu bảo vệ hoàn hảo + Serum chống nắng dưỡng da nâng tông (Anessa Gold Milk 60ml + Day Serum 30ml),1220000,ANESSA,0.0,0
Xịt khoáng Compliment Aqua Spray 99% 200ml,69000,COMPLIMENT,5.0,2
Xịt Khoáng Dưỡng Ẩm Eucerin Cho Da Nhạy Cảm Hyaluron Mist Spray 150ml,281060,Eucerin,5.0,2
Tinh Chất Vichy Làm Mờ Vết Thâm Và Nếp Nhăn 30ml LiftActiv B3 Serum Dark Spots & Wrinkles,755000,VICHY,0.0,0
Kem dưỡng vùng da quanh mắt Lá House Recovery Eye Cream 15ml,1020000,Lá House,5.0,9
"Serum giúp dưỡng trắng da, làm mờ sẹo và se khít lỗ chân lông Lá House Scars Therapy Concentrated 15ml/30ml",685000,Lá House,4.7,16
"Mặt Nạ Dưỡng Da Banobagi Vita Genic Jelly Mask Cung Cấp Collagen, Vitamin Và Dưỡng Chất Chăm Sóc Da Săn Chắc Mịn Màng",19000,Banobagi,3.0,2
Combo 10 Mặt Nạ Cấp Ẩm Cho Da BNBG Vita Cocktail AQUA Foil Mask 30mlx10,275080,BNBG,0.0,0
"Hydration moisturizer cream, kem cấp ẩm kiềm dầu, chống mụn, dưỡng trắng da Wonmom 50g",213400,Wonmom,4.5,7
Bộ mỹ phẩm dưỡng ẩm da Queenie 2 sản phẩm,450000,Queenie,5.0,1
Tẩy tế bào chết chiết xuất từ gạo -Jigott Premium Facial Rice Bran Peeling Gel 180ml,241000,Jigott,5.0,3
SERUM D PROGRAM DƯỠNG DA BẢO VỆ CHUYÊN SÂU 40ML,445640,d program,4.7,3
Kem Chống Nắng Không Màu Kiểm Soát Dầu La Roche-Posay Anthelios XL Dry Touch Gel-Cream SPF 50+ UVB & UVA (50ml) tặng kèm băng đô mèo xinh xắn,429999,La Roche-Posay,0.0,0
"Bộ sản phẩm bảo vệ, chống nắng toàn diện La Roche-Posay Anthelios",475000,La Roche-Posay,4.8,9
Kem chống nắng Korea,540000,Enny,0.0,0
ST Beauty - Tinh Chất Chuyên Ngừa Mụn – Tái Tạo & Làm Trắng Hồng Da Tự Nhiên - ACNE WHITENING AMPOULE - Tặng 1 Gel Rửa Tay Khô Móc Khóa 30ml,252000,ST Beauty,4.0,1
"Kem Dưỡng Ngăn Lão Hóa, Sáng Da Vichy Collagen Liftactiv Collagen Specialist Chuyên Biệt (50ml)",650000,VICHY,3.0,2
Kem chống nắng dạng sữa lỏng nhẹ không nhờn rít La Roche-Posay Anthelios Shaka Fluid SPF 50+ 50ml,399999,La Roche-Posay,5.0,22
Gel Rửa Mặt Cho Da Nhạy Cảm Eucerin Dermato Clean Refreshing Cleansing (200ml),388000,Eucerin,5.0,14
"Xịt khoáng cấp ẩm tức thì chống khô da, làm mịn da chiết xuất Lô hội Benew Aloe Mineral Moisture Mist 150ml",159000,Benew,0.0,0
Nước Cân Bằng Giàu Khoáng Dành Cho Da Nhạy Cảm La Roche-Posay Soothing Lotion Sensitive Skin - 200ml,520000,La Roche-Posay,5.0,1
Kem dưỡng đêm giảm nếp nhăn Eucerin Hyaluron[3x]+ Filler Night Cream 50ml,1340000,Eucerin,4.8,6
Kem dưỡng trắng da ban ngày Olay Luminous Light Perfecting Cream SPF 15 PA++ (50g) - Hàng chính hãng,212430,Olay,0.0,0
"Kem Peel tái tạo đều màu da, giảm mụn VITAMIN A 5% INNOAESTHETICS Inno Exfo Lightening 15g",1270000,HISTOLAB,0.0,0
Zo Retinol Kem Dưỡng Căng Bóng Da ZO Retinol Skin Brightener 0.5% ,3170000,HISTOLAB,0.0,0
Serum B9 Vic Derma Folic Acid Phục Hồi Trẻ Hóa Vicderma,625000,HISTOLAB,0.0,0
Kem dưỡng ẩm làm dịu cho da nhạy cảm kích ứng Juliette Armand Hydra Calming Cream 50ml,1420000,HISTOLAB,0.0,0
Dưỡng chất giảm thâm nám và dưỡng sáng toàn diện La Roche-Posay Mela B3 serum 30ml,1309000,La Roche-Posay,4.0,1
Mặt nạ đất sét Kiehls Rare Earth Deep Pore Cleansing Masque 125ml,175000,Kiehl's,5.0,3
Kem Chống Nắng Dưỡng Ẩm Và Làm Sáng Da Hatomugi SPF50+ PA++++ Nhật Bản,104000,Hatomugi,0.0,0
"Bộ sản phẩm phục hồi da và cải thiện, ngăn ngừa thâm nám đốm nâu Vichy Liftactiv B3 Dark Spots Serum",955000,VICHY,1.0,1
Serum (Tinh Chất) Dưỡng Ẩm Quenching Queen Dermarium,242000,Dermarium,5.0,1
Tinh chất serum căng bóng da KYUNG LAB HA Plus Hydra Ampoule [ HA + B5 ] 50ml,516000,Kyung Lab,0.0,0
"Sữa rửa mặt chống ô nhiễm, làm sạch da Anti-pollution REJUVASKIN 60ml",340000,Rejuvaskin,0.0,0
Bộ đôi Kem chống nắng dạng gel dưỡng sáng nâng tông & hiệu chỉnh sắc da + Serum chống nắng dưỡng da nâng tông (Anessa Brightening Gel 90g + Day Serum 30ml),1320000,ANESSA,0.0,0
"Combo Sản phẩm ngừa mụn, giảm thâm nám Obagi Retinol 0.5 (28g) + Paula's Choice Skin Perfecting 2% BHA Liquid (30ml)",1750000,OBAGI,0.0,0
Bộ Kem Chống Nắng Nâng Tone Su:m37 Sun-away Multi Effect Sun Block AD SPF50+/PA+++,740000,Su:m 37,0.0,0
Bộ sản phẩm Kem chống nắng dưỡng da bảo vệ hoàn hảo (Anessa Gold Milk 60ml x2 + Gold Gel 90g),1185000,ANESSA,5.0,1
Bộ đôi Kem chống nắng dạng sữa dưỡng da kiềm dầu bảo vệ hoàn hảo (Anessa Gold Milk 20ml + Gold Milk 12ml),365000,ANESSA,0.0,0
Tinh Chất Some By Mi Ngừa Mụn Và Dưỡng Da 30 Ngày Miracle Serum 50ml,375000,Some By Mi,0.0,0
Kem Nghệ Đa Sinh Tố Curmine LANA Tube 20g,53000,Lana,0.0,0
Tế bào Gốc hỗ trợ trị mụn acne Ampoule Larian ( Combo 3 lọ ),1695000,Larian,0.0,0
SAFRA MICELLAR Water-Refreshing 120ml,103000,Lana,0.0,0
Kem Dưỡng Da Nhân Sâm & Sữa Ong Chúa LANA 30g,55000,Lana,5.0,3
Bộ đôi Kem chống nắng dạng gel dưỡng sáng nâng tông & hiệu chỉnh sắc da (Anessa Brightening Gel 90g x2),1220000,ANESSA,0.0,0
Kem Chống Nắng Caryophy Smart Sunscreen SPF50+ PA +++ Tone Up 50ml,290460,Caryophy,4.8,6
"Kem Thoa Nám, Tàn Nhang, Đồi Mồi (Vitara TX PPE Cream For Melasma) 15g",242000,VITARA,4.0,1
"Nước tẩy trang làm sạch nhanh, kết hợp tăng cường độ ẩm cho da, sát khuẩn, se khít lỗ chân lông, giúp mờ đi vết sạm, nếp nhăn, dưỡng trắng cho làn da ẩm mịn, căng sáng rạng rỡ MedicS 200ml",530000,Medic S,0.0,0
Kem Dưỡng Trắng Da Tế Bào Gốc Hàn Quốc Cấp Ẩm Xóa Nhăn Phục Hồi Trẻ Hoá Da Và Chống Lão Hoá Cellkey-Scien White Cream (30g),708000,CELLKEY-SCIEN,4.8,68
Serum dưỡng trắng da Butiqlab Vitamin C Serum 100ml,820000,BUTIQLAB,0.0,0
Tinh Chất cho da nhạy cảm Skin1004 Madagascar Centella Asiatica Ampoule 55ml,257000,Skin1004,5.0,1
Tinh Chất Cấp Ẩm Chống Lão Hóa Eucerin Hyaluron-Filler Moisture Booster  83524 (30ml),859000,Eucerin,4.5,41
Kem Dưỡng Ẩm Lô Hội Aromatica Soothing Aloe Aqua Cream 150g,198850,AROMATICA,4.7,3
Avène Kem Dưỡng Da Làm Dịu Cơn Ngứa Tức Thời XeraCalm AD Lipid-Replenishing Cream 200ml,709000,Avène,5.0,28
Kem chống nắng dưỡng da Mik@vonk Sun Protect BB Base Hàn Quốc 60ml tặng kèm móc khoá,281060,Mik@vonk,1.0,1
Kem chống nắng OHUI Day Shield Perfect Sun Black FI50299448 (50ml),694000,OHUI,5.0,9
"Kem Ngừa mụn trắng da, mờ thâm và se khít lỗ chân lông cao cấp Kbone (VIP đen 15g)",380000,KBOne,4.5,8
"Bộ đôi kem dưỡng giúp giảm mụn đầu đen, giảm bóng nhờn La Roche-Posay Effaclar K+ 40ml và Gel rửa mặt dành cho da dầu mụn Effaclar Gel 50ml",357000,La Roche-Posay,5.0,2
Sữa rửa mặt Hàn Quốc Dabo Trà Xanh 3 in 1 (180ml),118000,Dabo,5.0,2
Kem dưỡng Some By Mi AHA- BHA-PHA 30 Days Miracle Cream,286700,Some By Mi,4.6,5
"Kem Hỗ Trợ Trị Nám, Đồi Mồi, Giảm Nhăn ZOLEY 10g",160000,Zoley,4.5,50
Sữa Rửa Mặt Sạch Mụn Đầu Đen ST.IVES Trà Xanh 170g - 077043358023,98000,St.Ives,5.0,5
Set Kem Chống Nắng OHUI Day Shield Perfect Sun Red SPF50+/PA++++ 3pcs Set ,724000,OHUI,0.0,0
Tinh chất tái tạo da Pharmaform Copper Peptide Advanced Egf Serum (30ml) - Hàng chính hãng,584640,Pharmaform,0.0,0
Kem dưỡng tái sinh da OHUI The First Geniture Cream Intensive 55ml,4015000,OHUI,0.0,0
Serum B5 Senademar 100ml hạn 2027 microneedle ampoule Phục Hồi Da Cấp Ẩm Ngăn Ngừa Lão Hoá.,420000,Senademar,0.0,0
Nước tẩy trang simple Sạch sâu 400ml water boost,146280,SIMPLE,0.0,0
Set Kem Chống Nắng Ohui Day Shield Perfect Sun Black Special Set,645000,OHUI,5.0,1
Kem Chống Nắng Cho Da Nhạy Cảm Eucerin Hydro Ultra Light SPF 50+ 50ml,733000,Eucerin,0.0,0
"Combo 3 serum HA Plus, Tinh chất cấp ẩm Hàn Quốc 300ml - Tặng 100g Mặt Nạ Dẻo (Hàng chính hãng)",1849000,AWAKETHECELL,0.0,0
Set quà tặng cao cấp WEILAIYA: Combo dưỡng da body toàn diện - Dưỡng da ban đêm và Kem body chống nắng ban ngày,1105000,Weilaiya,0.0,0
Kem Nghệ Giảm Mụn Mờ Thâm Liền Sẹo Kích Thích Tái Tạo Da Oriss Tuýp 20g,67000,Oriss,5.0,1
Tinh Chất Thay Da Sinh Học Tẩy Tế Bào Chết da Mặt So’Natural Red Peel Tingle Serum 35ml,576000,so natural,0.0,0
Kem dưỡng phục hồi dưỡng trắng Hydra B5 Derma Repair Cream Pretty Skin 52ml tặng móc khóa,379000,Dabo,4.5,2
Cặp kem nám mảng Kamel,1870000,Karmel,0.0,0
Bộ travel size dưỡng trắng Hada Labo Perfect White Tranexamic Acid Travel Set (Kem rửa mặt 15g+Dung dịch dưỡng 20ml+Kem dưỡng 12g),75000,Hada Labo,5.0,9
Kem dưỡng thế hệ mới Retinol Alab Cream Kyung Lab/ Kyunglab 30ml phục hồi dưỡng trắng da ngừa mụn,669000,Kyunglab,0.0,0
Kem B5 Compliment Phục Hồi Da D-Panthenol 7% 75ml ,60000,COMPLIMENT,5.0,4
"[Tặng kèm cuộn khăn tẩy trang]Viên nang tinh dầu 9GF  căng bóng, giảm nếp nhăn da 40 viên/hộp",705000,HOLY CARE,0.0,0
IC+++ Stemcell - Tinh chất tế bào gốc Dahana trẻ hóa làn da,257000,Dahana PROFESSIONAL,0.0,0
"SỮA RỬA MẶT DÀNH CHO NAM LIKESHI CLEANSING FOAM 120G (ngăn ngừa mụn, sạch dầu nhờn, thải độc da)",145000,LikeShi,4.8,8
Kem Dưỡng Da Đa Sinh Tố IDEAL 10g,50000,Lana,5.0,2
Dưỡng Chất Kiểm Soát Mụn & Nhờn,90000,Lana,5.0,6
Kem chống nắng LA ROCHE POSAY dành cho da dầu - ANTHELIOS XL DRY TOUCH GEL CREAM SPF50+ 50ml,465000,Laroche Posay,5.0,1
"SERUM MỤN DETOX ACNES KARMEL 10ml -Ngừa Mụn, mờ vết thâm, mờ nám, tái tạo da, dưỡng trắng da ( mẫu mới )",360000,Karmel,5.0,3
SAFRA CLEAR DETCELL-NgừaMụn & SạchTế BàoChết,107000,Lana,5.0,3
"Kem Chống Nắng Bơ Nghệ Cocayhoala Kiềm Dầu - Chống nắng - Chống Thấm Nước - Nâng Tông Da - Dưỡng Da, Tuýp 30ml ",193515,COCAYHOALA,0.0,0
"BIOGENIC RETINOL 0.5% FOR BEGINNER TRAVEL SIZE – KEM DƯỠNG DA, NGỪA LÃO HÓA, GIẢM MỤN",480000,Twins Skin,5.0,11
Kem FEIYA Ngọc Trai 50g - Làm Trắng - Giảm Thâm Nám - Cải Thiện Da Tối Màu - Chống Lão Hóa,830000,FEIYA,4.8,18
Dưỡng Chất Khoáng Cô Đặc Vichy Mineral 89 (50ml) + Tặng Kèm Aqualia Gel (15ml) + Túi Tote Vichy Cao Cấp,949000,VICHY,3.0,2
Mặt nạ bí đao Cocoon 30ml,108000,The Cocoon Original Vietnam,4.8,5
Serum dưỡng trắng da Oribe 36 viên bổ sung collagen dưỡng ẩm mờ nám chống lão hóa,285760,Oribe,4.7,106
Bộ sản phẩm làm sạch và bảo vệ da dầu nhạy cảm La Roche-Posay Effaclar Gel,428000,La Roche-Posay,0.0,0
LAROCHE-POSAY NƯỚC TẨY TRANG SẠCH SÂU CHO DA DẦU NHẬY CẢM EFFACLAR MICELLAR WATER 50ML,89000,La Roche-Posay,4.6,58
Kem Ốc Sên Dưỡng Da Ban Đêm Thorakao 30g,223100,Thorakao,4.7,10
 KEM GIỮ ẨM - TRẮNG DA - NGỪA LÃO HOÁ - LÀM MỊN DA - CHỐNG NẮNG - OLYHT 25g,202730,OLY HT,0.0,0
Kem Dưỡng Ban Đêm Giúp Ngăn Ngừa Lão Hóa Eucerin Hyaluaron- Filler Elasticity (50ml),1560000,Eucerin,5.0,8
"La Roche-Posay - Kem Chống Nắng Làm Đều Màu Da, Kiểm Soát Bóng Nhờn Cho Da Nhạy Cảm  Anthelios XL Tinted Dry Touch Gel - Cream 50ml",465000,La Roche-Posay,3.8,4
Nước tẩy trang dành cho da nhạy cảm BIODERMA Sensibio H2O 500ml,479000,BIODERMA,4.8,77
Sáp Dưỡng Môi Hồng Xinh Vaseline Lip Therapy Rosy Lip (7g) - 305210231597,75000,Vaseline,4.6,96
Kem chống nắng dạng sữa lỏng nhẹ không nhờn rít La Roche-Posay Anthelios Shaka Fluid SPF 50+ 50ml,299390,La Roche-Posay,3.6,8
Combo 5 Mặt Nạ 3D Mayan Hồng Sâm Linh Chi,63000,Mayan,4.5,68
